<?xml version="1.0" encoding="UTF-8"?>
<kml xmlns="http://www.opengis.net/kml/2.2">
  <Document>
    <name>Poutine Autour du quebec</name>
    <description>Where to get poutine - an example for Terrain: a land agent companion tool</description>
    <Style id="icon-1899-0288D1-normal">
      <IconStyle>
        <color>ffd18802</color>
        <scale>1</scale>
        <Icon>
          <href>https://www.gstatic.com/mapspro/images/stock/503-wht-blank_maps.png</href>
        </Icon>
        <hotSpot x="32" xunits="pixels" y="64" yunits="insetPixels"/>
      </IconStyle>
      <LabelStyle>
        <scale>0</scale>
      </LabelStyle>
    </Style>
    <Style id="icon-1899-0288D1-highlight">
      <IconStyle>
        <color>ffd18802</color>
        <scale>1</scale>
        <Icon>
          <href>https://www.gstatic.com/mapspro/images/stock/503-wht-blank_maps.png</href>
        </Icon>
        <hotSpot x="32" xunits="pixels" y="64" yunits="insetPixels"/>
      </IconStyle>
      <LabelStyle>
        <scale>1</scale>
      </LabelStyle>
    </Style>
    <StyleMap id="icon-1899-0288D1">
      <Pair>
        <key>normal</key>
        <styleUrl>#icon-1899-0288D1-normal</styleUrl>
      </Pair>
      <Pair>
        <key>highlight</key>
        <styleUrl>#icon-1899-0288D1-highlight</styleUrl>
      </Pair>
    </StyleMap>
    <Folder>
      <name>Cantines.xlsx</name>
      <Placemark>
        <name>Restaurant Cantine Fortier</name>
        <address>320, Boulevard Saint-Benoît Ouest Amqui QC G5J 2G2</address>
        <description><![CDATA[Contact person: <br>Contact number: <br>Notes: <br>Designation: P3-001<br>Propriétaire: Restaurant Cantine Fortier<br>APPEL: <br>PRENOM: <br>ADRESSE: 320, Boulevard Saint-Benoît Ouest<br>MUNICIPALITE: Amqui<br>PROVINCE: QC<br>CODE_POSTAL: G5J 2G2<br>TEL_RES: <br>CELLULAIRE: <br>TEL_BUR: 819 555-0101<br>TELECOPIEUR: <br>COURRIEL: <br>Visit date: <br>Call date: <br>call result: <br>Language: ]]></description>
        <styleUrl>#icon-1899-0288D1</styleUrl>
        <ExtendedData>
          <Data name="Contact person">
            <value/>
          </Data>
          <Data name="Contact number">
            <value/>
          </Data>
          <Data name="Notes">
            <value/>
          </Data>
          <Data name="Designation">
            <value>P3-001</value>
          </Data>
          <Data name="Propriétaire">
            <value>Restaurant Cantine Fortier</value>
          </Data>
          <Data name="APPEL">
            <value/>
          </Data>
          <Data name="PRENOM">
            <value/>
          </Data>
          <Data name="ADRESSE">
            <value>320, Boulevard Saint-Benoît Ouest</value>
          </Data>
          <Data name="MUNICIPALITE">
            <value>Amqui</value>
          </Data>
          <Data name="PROVINCE">
            <value>QC</value>
          </Data>
          <Data name="CODE_POSTAL">
            <value>G5J 2G2</value>
          </Data>
          <Data name="TEL_RES">
            <value/>
          </Data>
          <Data name="CELLULAIRE">
            <value/>
          </Data>
          <Data name="TEL_BUR">
            <value>819 555-0101</value>
          </Data>
          <Data name="TELECOPIEUR">
            <value/>
          </Data>
          <Data name="COURRIEL">
            <value/>
          </Data>
          <Data name="Visit date">
            <value/>
          </Data>
          <Data name="Call date">
            <value/>
          </Data>
          <Data name="call result">
            <value/>
          </Data>
          <Data name="Language">
            <value/>
          </Data>
        </ExtendedData>
      </Placemark>
      <Placemark>
        <name>Cantine du Heron</name>
        <address>559, Boulevard Perron Carleton-sur-Mer QC G0C 1J0</address>
        <description><![CDATA[Contact person: <br>Contact number: <br>Notes: <br>Designation: P3-002<br>Propriétaire: Cantine du Heron<br>APPEL: <br>PRENOM: <br>ADRESSE: 559, Boulevard Perron<br>MUNICIPALITE: Carleton-sur-Mer<br>PROVINCE: QC<br>CODE_POSTAL: G0C 1J0<br>TEL_RES: <br>CELLULAIRE: <br>TEL_BUR: 819 555-0102<br>TELECOPIEUR: <br>COURRIEL: <br>Visit date: <br>Call date: <br>call result: <br>Language: ]]></description>
        <styleUrl>#icon-1899-0288D1</styleUrl>
        <ExtendedData>
          <Data name="Contact person">
            <value/>
          </Data>
          <Data name="Contact number">
            <value/>
          </Data>
          <Data name="Notes">
            <value/>
          </Data>
          <Data name="Designation">
            <value>P3-002</value>
          </Data>
          <Data name="Propriétaire">
            <value>Cantine du Heron</value>
          </Data>
          <Data name="APPEL">
            <value/>
          </Data>
          <Data name="PRENOM">
            <value/>
          </Data>
          <Data name="ADRESSE">
            <value>559, Boulevard Perron</value>
          </Data>
          <Data name="MUNICIPALITE">
            <value>Carleton-sur-Mer</value>
          </Data>
          <Data name="PROVINCE">
            <value>QC</value>
          </Data>
          <Data name="CODE_POSTAL">
            <value>G0C 1J0</value>
          </Data>
          <Data name="TEL_RES">
            <value/>
          </Data>
          <Data name="CELLULAIRE">
            <value/>
          </Data>
          <Data name="TEL_BUR">
            <value>819 555-0102</value>
          </Data>
          <Data name="TELECOPIEUR">
            <value/>
          </Data>
          <Data name="COURRIEL">
            <value/>
          </Data>
          <Data name="Visit date">
            <value/>
          </Data>
          <Data name="Call date">
            <value/>
          </Data>
          <Data name="call result">
            <value/>
          </Data>
          <Data name="Language">
            <value/>
          </Data>
        </ExtendedData>
      </Placemark>
      <Placemark>
        <name>Cantine du chenail</name>
        <address>1, Rue de la Plage Chandler QC G0C 2J0</address>
        <description><![CDATA[Contact person: <br>Contact number: <br>Notes: <br>Designation: P3-003<br>Propriétaire: Cantine du chenail<br>APPEL: <br>PRENOM: <br>ADRESSE: 1, Rue de la Plage<br>MUNICIPALITE: Chandler<br>PROVINCE: QC<br>CODE_POSTAL: G0C 2J0<br>TEL_RES: <br>CELLULAIRE: <br>TEL_BUR: 819 555-0103<br>TELECOPIEUR: <br>COURRIEL: <br>Visit date: <br>Call date: <br>call result: <br>Language: ]]></description>
        <styleUrl>#icon-1899-0288D1</styleUrl>
        <ExtendedData>
          <Data name="Contact person">
            <value/>
          </Data>
          <Data name="Contact number">
            <value/>
          </Data>
          <Data name="Notes">
            <value/>
          </Data>
          <Data name="Designation">
            <value>P3-003</value>
          </Data>
          <Data name="Propriétaire">
            <value>Cantine du chenail</value>
          </Data>
          <Data name="APPEL">
            <value/>
          </Data>
          <Data name="PRENOM">
            <value/>
          </Data>
          <Data name="ADRESSE">
            <value>1, Rue de la Plage</value>
          </Data>
          <Data name="MUNICIPALITE">
            <value>Chandler</value>
          </Data>
          <Data name="PROVINCE">
            <value>QC</value>
          </Data>
          <Data name="CODE_POSTAL">
            <value>G0C 2J0</value>
          </Data>
          <Data name="TEL_RES">
            <value/>
          </Data>
          <Data name="CELLULAIRE">
            <value/>
          </Data>
          <Data name="TEL_BUR">
            <value>819 555-0103</value>
          </Data>
          <Data name="TELECOPIEUR">
            <value/>
          </Data>
          <Data name="COURRIEL">
            <value/>
          </Data>
          <Data name="Visit date">
            <value/>
          </Data>
          <Data name="Call date">
            <value/>
          </Data>
          <Data name="call result">
            <value/>
          </Data>
          <Data name="Language">
            <value/>
          </Data>
        </ExtendedData>
      </Placemark>
      <Placemark>
        <name>Cantine le baumier</name>
        <address><![CDATA[47, Rue de l'Église East Hereford QC J0B 1S0]]></address>
        <description><![CDATA[Contact person: <br>Contact number: <br>Notes: <br>Designation: P3-004<br>Propriétaire: Cantine le baumier<br>APPEL: <br>PRENOM: <br>ADRESSE: 47, Rue de l'Église<br>MUNICIPALITE: East Hereford<br>PROVINCE: QC<br>CODE_POSTAL: J0B 1S0<br>TEL_RES: <br>CELLULAIRE: <br>TEL_BUR: 819 555-0104<br>TELECOPIEUR: <br>COURRIEL: <br>Visit date: <br>Call date: <br>call result: <br>Language: ]]></description>
        <styleUrl>#icon-1899-0288D1</styleUrl>
        <ExtendedData>
          <Data name="Contact person">
            <value/>
          </Data>
          <Data name="Contact number">
            <value/>
          </Data>
          <Data name="Notes">
            <value/>
          </Data>
          <Data name="Designation">
            <value>P3-004</value>
          </Data>
          <Data name="Propriétaire">
            <value>Cantine le baumier</value>
          </Data>
          <Data name="APPEL">
            <value/>
          </Data>
          <Data name="PRENOM">
            <value/>
          </Data>
          <Data name="ADRESSE">
            <value><![CDATA[47, Rue de l'Église]]></value>
          </Data>
          <Data name="MUNICIPALITE">
            <value>East Hereford</value>
          </Data>
          <Data name="PROVINCE">
            <value>QC</value>
          </Data>
          <Data name="CODE_POSTAL">
            <value>J0B 1S0</value>
          </Data>
          <Data name="TEL_RES">
            <value/>
          </Data>
          <Data name="CELLULAIRE">
            <value/>
          </Data>
          <Data name="TEL_BUR">
            <value>819 555-0104</value>
          </Data>
          <Data name="TELECOPIEUR">
            <value/>
          </Data>
          <Data name="COURRIEL">
            <value/>
          </Data>
          <Data name="Visit date">
            <value/>
          </Data>
          <Data name="Call date">
            <value/>
          </Data>
          <Data name="call result">
            <value/>
          </Data>
          <Data name="Language">
            <value/>
          </Data>
        </ExtendedData>
      </Placemark>
      <Placemark>
        <name>Cantine du Vacancier</name>
        <address>81, Route 138 Ouest Forestville QC</address>
        <description><![CDATA[Contact person: <br>Contact number: <br>Notes: Terrasse l’été<br>Designation: P3-005<br>Propriétaire: Cantine du Vacancier<br>APPEL: <br>PRENOM: <br>ADRESSE: 81, Route 138 Ouest<br>MUNICIPALITE: Forestville<br>PROVINCE: QC<br>CODE_POSTAL: <br>TEL_RES: <br>CELLULAIRE: <br>TEL_BUR: 819 555-0105<br>TELECOPIEUR: <br>COURRIEL: <br>Visit date: <br>Call date: <br>call result: <br>Language: ]]></description>
        <styleUrl>#icon-1899-0288D1</styleUrl>
        <ExtendedData>
          <Data name="Contact person">
            <value/>
          </Data>
          <Data name="Contact number">
            <value/>
          </Data>
          <Data name="Notes">
            <value>Terrasse l’été</value>
          </Data>
          <Data name="Designation">
            <value>P3-005</value>
          </Data>
          <Data name="Propriétaire">
            <value>Cantine du Vacancier</value>
          </Data>
          <Data name="APPEL">
            <value/>
          </Data>
          <Data name="PRENOM">
            <value/>
          </Data>
          <Data name="ADRESSE">
            <value>81, Route 138 Ouest</value>
          </Data>
          <Data name="MUNICIPALITE">
            <value>Forestville</value>
          </Data>
          <Data name="PROVINCE">
            <value>QC</value>
          </Data>
          <Data name="CODE_POSTAL">
            <value/>
          </Data>
          <Data name="TEL_RES">
            <value/>
          </Data>
          <Data name="CELLULAIRE">
            <value/>
          </Data>
          <Data name="TEL_BUR">
            <value>819 555-0105</value>
          </Data>
          <Data name="TELECOPIEUR">
            <value/>
          </Data>
          <Data name="COURRIEL">
            <value/>
          </Data>
          <Data name="Visit date">
            <value/>
          </Data>
          <Data name="Call date">
            <value/>
          </Data>
          <Data name="call result">
            <value/>
          </Data>
          <Data name="Language">
            <value/>
          </Data>
        </ExtendedData>
      </Placemark>
      <Placemark>
        <name>Cantine Chez Jo-Ann</name>
        <address>137, Boulevard de York Est Gaspé QC</address>
        <description><![CDATA[Contact person: <br>Contact number: <br>Notes: <br>Designation: P3-006<br>Propriétaire: Cantine Chez Jo-Ann<br>APPEL: <br>PRENOM: <br>ADRESSE: 137, Boulevard de York Est<br>MUNICIPALITE: Gaspé<br>PROVINCE: QC<br>CODE_POSTAL: <br>TEL_RES: <br>CELLULAIRE: <br>TEL_BUR: 819 555-0106<br>TELECOPIEUR: <br>COURRIEL: <br>Visit date: <br>Call date: <br>call result: <br>Language: ]]></description>
        <styleUrl>#icon-1899-0288D1</styleUrl>
        <ExtendedData>
          <Data name="Contact person">
            <value/>
          </Data>
          <Data name="Contact number">
            <value/>
          </Data>
          <Data name="Notes">
            <value/>
          </Data>
          <Data name="Designation">
            <value>P3-006</value>
          </Data>
          <Data name="Propriétaire">
            <value>Cantine Chez Jo-Ann</value>
          </Data>
          <Data name="APPEL">
            <value/>
          </Data>
          <Data name="PRENOM">
            <value/>
          </Data>
          <Data name="ADRESSE">
            <value>137, Boulevard de York Est</value>
          </Data>
          <Data name="MUNICIPALITE">
            <value>Gaspé</value>
          </Data>
          <Data name="PROVINCE">
            <value>QC</value>
          </Data>
          <Data name="CODE_POSTAL">
            <value/>
          </Data>
          <Data name="TEL_RES">
            <value/>
          </Data>
          <Data name="CELLULAIRE">
            <value/>
          </Data>
          <Data name="TEL_BUR">
            <value>819 555-0106</value>
          </Data>
          <Data name="TELECOPIEUR">
            <value/>
          </Data>
          <Data name="COURRIEL">
            <value/>
          </Data>
          <Data name="Visit date">
            <value/>
          </Data>
          <Data name="Call date">
            <value/>
          </Data>
          <Data name="call result">
            <value/>
          </Data>
          <Data name="Language">
            <value/>
          </Data>
        </ExtendedData>
      </Placemark>
      <Placemark>
        <name>Cantine Chez Jo-Ann</name>
        <address>137, Boulevard de York Est Gaspé QC</address>
        <description><![CDATA[Contact person: <br>Contact number: <br>Notes: <br>Designation: P3-007<br>Propriétaire: Cantine Chez Jo-Ann<br>APPEL: <br>PRENOM: <br>ADRESSE: 137, Boulevard de York Est<br>MUNICIPALITE: Gaspé<br>PROVINCE: QC<br>CODE_POSTAL: <br>TEL_RES: <br>CELLULAIRE: <br>TEL_BUR: 819 555-0107<br>TELECOPIEUR: <br>COURRIEL: <br>Visit date: <br>Call date: <br>call result: <br>Language: ]]></description>
        <styleUrl>#icon-1899-0288D1</styleUrl>
        <ExtendedData>
          <Data name="Contact person">
            <value/>
          </Data>
          <Data name="Contact number">
            <value/>
          </Data>
          <Data name="Notes">
            <value/>
          </Data>
          <Data name="Designation">
            <value>P3-007</value>
          </Data>
          <Data name="Propriétaire">
            <value>Cantine Chez Jo-Ann</value>
          </Data>
          <Data name="APPEL">
            <value/>
          </Data>
          <Data name="PRENOM">
            <value/>
          </Data>
          <Data name="ADRESSE">
            <value>137, Boulevard de York Est</value>
          </Data>
          <Data name="MUNICIPALITE">
            <value>Gaspé</value>
          </Data>
          <Data name="PROVINCE">
            <value>QC</value>
          </Data>
          <Data name="CODE_POSTAL">
            <value/>
          </Data>
          <Data name="TEL_RES">
            <value/>
          </Data>
          <Data name="CELLULAIRE">
            <value/>
          </Data>
          <Data name="TEL_BUR">
            <value>819 555-0107</value>
          </Data>
          <Data name="TELECOPIEUR">
            <value/>
          </Data>
          <Data name="COURRIEL">
            <value/>
          </Data>
          <Data name="Visit date">
            <value/>
          </Data>
          <Data name="Call date">
            <value/>
          </Data>
          <Data name="call result">
            <value/>
          </Data>
          <Data name="Language">
            <value/>
          </Data>
        </ExtendedData>
      </Placemark>
      <Placemark>
        <name>Cantine Chez Paul</name>
        <address>283, Rue Principale Ouest Magog QC J1X 2A8</address>
        <description><![CDATA[Contact person: <br>Contact number: <br>Notes: <br>Designation: P3-008<br>Propriétaire: Cantine Chez Paul<br>APPEL: <br>PRENOM: <br>ADRESSE: 283, Rue Principale Ouest<br>MUNICIPALITE: Magog<br>PROVINCE: QC<br>CODE_POSTAL: J1X 2A8<br>TEL_RES: <br>CELLULAIRE: <br>TEL_BUR: 819 555-0108<br>TELECOPIEUR: <br>COURRIEL: <br>Visit date: <br>Call date: <br>call result: <br>Language: ]]></description>
        <styleUrl>#icon-1899-0288D1</styleUrl>
        <ExtendedData>
          <Data name="Contact person">
            <value/>
          </Data>
          <Data name="Contact number">
            <value/>
          </Data>
          <Data name="Notes">
            <value/>
          </Data>
          <Data name="Designation">
            <value>P3-008</value>
          </Data>
          <Data name="Propriétaire">
            <value>Cantine Chez Paul</value>
          </Data>
          <Data name="APPEL">
            <value/>
          </Data>
          <Data name="PRENOM">
            <value/>
          </Data>
          <Data name="ADRESSE">
            <value>283, Rue Principale Ouest</value>
          </Data>
          <Data name="MUNICIPALITE">
            <value>Magog</value>
          </Data>
          <Data name="PROVINCE">
            <value>QC</value>
          </Data>
          <Data name="CODE_POSTAL">
            <value>J1X 2A8</value>
          </Data>
          <Data name="TEL_RES">
            <value/>
          </Data>
          <Data name="CELLULAIRE">
            <value/>
          </Data>
          <Data name="TEL_BUR">
            <value>819 555-0108</value>
          </Data>
          <Data name="TELECOPIEUR">
            <value/>
          </Data>
          <Data name="COURRIEL">
            <value/>
          </Data>
          <Data name="Visit date">
            <value/>
          </Data>
          <Data name="Call date">
            <value/>
          </Data>
          <Data name="call result">
            <value/>
          </Data>
          <Data name="Language">
            <value/>
          </Data>
        </ExtendedData>
      </Placemark>
      <Placemark>
        <name>La Cantine Punjab</name>
        <address>5323, Chemin Queen Mary Montréal QC H3X 1T9</address>
        <description><![CDATA[Contact person: <br>Contact number: <br>Notes: <br>Designation: P3-009<br>Propriétaire: La Cantine Punjab<br>APPEL: <br>PRENOM: <br>ADRESSE: 5323, Chemin Queen Mary<br>MUNICIPALITE: Montréal<br>PROVINCE: QC<br>CODE_POSTAL: H3X 1T9<br>TEL_RES: <br>CELLULAIRE: <br>TEL_BUR: 819 555-0109<br>TELECOPIEUR: <br>COURRIEL: <br>Visit date: <br>Call date: <br>call result: <br>Language: ]]></description>
        <styleUrl>#icon-1899-0288D1</styleUrl>
        <ExtendedData>
          <Data name="Contact person">
            <value/>
          </Data>
          <Data name="Contact number">
            <value/>
          </Data>
          <Data name="Notes">
            <value/>
          </Data>
          <Data name="Designation">
            <value>P3-009</value>
          </Data>
          <Data name="Propriétaire">
            <value>La Cantine Punjab</value>
          </Data>
          <Data name="APPEL">
            <value/>
          </Data>
          <Data name="PRENOM">
            <value/>
          </Data>
          <Data name="ADRESSE">
            <value>5323, Chemin Queen Mary</value>
          </Data>
          <Data name="MUNICIPALITE">
            <value>Montréal</value>
          </Data>
          <Data name="PROVINCE">
            <value>QC</value>
          </Data>
          <Data name="CODE_POSTAL">
            <value>H3X 1T9</value>
          </Data>
          <Data name="TEL_RES">
            <value/>
          </Data>
          <Data name="CELLULAIRE">
            <value/>
          </Data>
          <Data name="TEL_BUR">
            <value>819 555-0109</value>
          </Data>
          <Data name="TELECOPIEUR">
            <value/>
          </Data>
          <Data name="COURRIEL">
            <value/>
          </Data>
          <Data name="Visit date">
            <value/>
          </Data>
          <Data name="Call date">
            <value/>
          </Data>
          <Data name="call result">
            <value/>
          </Data>
          <Data name="Language">
            <value/>
          </Data>
        </ExtendedData>
      </Placemark>
      <Placemark>
        <name>Cantine du Green</name>
        <address>2, Rue Green New Carlisle QC G0C 1Z0</address>
        <description><![CDATA[Contact person: <br>Contact number: <br>Notes: <br>Designation: P3-010<br>Propriétaire: Cantine du Green<br>APPEL: <br>PRENOM: <br>ADRESSE: 2, Rue Green<br>MUNICIPALITE: New Carlisle<br>PROVINCE: QC<br>CODE_POSTAL: G0C 1Z0<br>TEL_RES: <br>CELLULAIRE: <br>TEL_BUR: 819 555-0110<br>TELECOPIEUR: <br>COURRIEL: <br>Visit date: <br>Call date: <br>call result: <br>Language: ]]></description>
        <styleUrl>#icon-1899-0288D1</styleUrl>
        <ExtendedData>
          <Data name="Contact person">
            <value/>
          </Data>
          <Data name="Contact number">
            <value/>
          </Data>
          <Data name="Notes">
            <value/>
          </Data>
          <Data name="Designation">
            <value>P3-010</value>
          </Data>
          <Data name="Propriétaire">
            <value>Cantine du Green</value>
          </Data>
          <Data name="APPEL">
            <value/>
          </Data>
          <Data name="PRENOM">
            <value/>
          </Data>
          <Data name="ADRESSE">
            <value>2, Rue Green</value>
          </Data>
          <Data name="MUNICIPALITE">
            <value>New Carlisle</value>
          </Data>
          <Data name="PROVINCE">
            <value>QC</value>
          </Data>
          <Data name="CODE_POSTAL">
            <value>G0C 1Z0</value>
          </Data>
          <Data name="TEL_RES">
            <value/>
          </Data>
          <Data name="CELLULAIRE">
            <value/>
          </Data>
          <Data name="TEL_BUR">
            <value>819 555-0110</value>
          </Data>
          <Data name="TELECOPIEUR">
            <value/>
          </Data>
          <Data name="COURRIEL">
            <value/>
          </Data>
          <Data name="Visit date">
            <value/>
          </Data>
          <Data name="Call date">
            <value/>
          </Data>
          <Data name="call result">
            <value/>
          </Data>
          <Data name="Language">
            <value/>
          </Data>
        </ExtendedData>
      </Placemark>
      <Placemark>
        <name>Cantine Hoffie</name>
        <address>61, Rue Messek Pessamit QC G0H 1B0</address>
        <description><![CDATA[Contact person: <br>Contact number: <br>Notes: <br>Designation: P3-011<br>Propriétaire: Cantine Hoffie<br>APPEL: <br>PRENOM: <br>ADRESSE: 61, Rue Messek<br>MUNICIPALITE: Pessamit<br>PROVINCE: QC<br>CODE_POSTAL: G0H 1B0<br>TEL_RES: <br>CELLULAIRE: <br>TEL_BUR: 819 555-0111<br>TELECOPIEUR: <br>COURRIEL: <br>Visit date: <br>Call date: <br>call result: <br>Language: ]]></description>
        <styleUrl>#icon-1899-0288D1</styleUrl>
        <ExtendedData>
          <Data name="Contact person">
            <value/>
          </Data>
          <Data name="Contact number">
            <value/>
          </Data>
          <Data name="Notes">
            <value/>
          </Data>
          <Data name="Designation">
            <value>P3-011</value>
          </Data>
          <Data name="Propriétaire">
            <value>Cantine Hoffie</value>
          </Data>
          <Data name="APPEL">
            <value/>
          </Data>
          <Data name="PRENOM">
            <value/>
          </Data>
          <Data name="ADRESSE">
            <value>61, Rue Messek</value>
          </Data>
          <Data name="MUNICIPALITE">
            <value>Pessamit</value>
          </Data>
          <Data name="PROVINCE">
            <value>QC</value>
          </Data>
          <Data name="CODE_POSTAL">
            <value>G0H 1B0</value>
          </Data>
          <Data name="TEL_RES">
            <value/>
          </Data>
          <Data name="CELLULAIRE">
            <value/>
          </Data>
          <Data name="TEL_BUR">
            <value>819 555-0111</value>
          </Data>
          <Data name="TELECOPIEUR">
            <value/>
          </Data>
          <Data name="COURRIEL">
            <value/>
          </Data>
          <Data name="Visit date">
            <value/>
          </Data>
          <Data name="Call date">
            <value/>
          </Data>
          <Data name="call result">
            <value/>
          </Data>
          <Data name="Language">
            <value/>
          </Data>
        </ExtendedData>
      </Placemark>
      <Placemark>
        <name>Cantine Le Rallye</name>
        <address>148, Rue Saint-Jean-Baptiste Ouest Rimouski QC G5L 4J3</address>
        <description><![CDATA[Contact person: <br>Contact number: <br>Notes: <br>Designation: P3-012<br>Propriétaire: Cantine Le Rallye<br>APPEL: <br>PRENOM: <br>ADRESSE: 148, Rue Saint-Jean-Baptiste Ouest<br>MUNICIPALITE: Rimouski<br>PROVINCE: QC<br>CODE_POSTAL: G5L 4J3<br>TEL_RES: <br>CELLULAIRE: <br>TEL_BUR: 819 555-0112<br>TELECOPIEUR: <br>COURRIEL: <br>Visit date: <br>Call date: <br>call result: <br>Language: ]]></description>
        <styleUrl>#icon-1899-0288D1</styleUrl>
        <ExtendedData>
          <Data name="Contact person">
            <value/>
          </Data>
          <Data name="Contact number">
            <value/>
          </Data>
          <Data name="Notes">
            <value/>
          </Data>
          <Data name="Designation">
            <value>P3-012</value>
          </Data>
          <Data name="Propriétaire">
            <value>Cantine Le Rallye</value>
          </Data>
          <Data name="APPEL">
            <value/>
          </Data>
          <Data name="PRENOM">
            <value/>
          </Data>
          <Data name="ADRESSE">
            <value>148, Rue Saint-Jean-Baptiste Ouest</value>
          </Data>
          <Data name="MUNICIPALITE">
            <value>Rimouski</value>
          </Data>
          <Data name="PROVINCE">
            <value>QC</value>
          </Data>
          <Data name="CODE_POSTAL">
            <value>G5L 4J3</value>
          </Data>
          <Data name="TEL_RES">
            <value/>
          </Data>
          <Data name="CELLULAIRE">
            <value/>
          </Data>
          <Data name="TEL_BUR">
            <value>819 555-0112</value>
          </Data>
          <Data name="TELECOPIEUR">
            <value/>
          </Data>
          <Data name="COURRIEL">
            <value/>
          </Data>
          <Data name="Visit date">
            <value/>
          </Data>
          <Data name="Call date">
            <value/>
          </Data>
          <Data name="call result">
            <value/>
          </Data>
          <Data name="Language">
            <value/>
          </Data>
        </ExtendedData>
      </Placemark>
      <Placemark>
        <name>Cantine Maude</name>
        <address>342, Route 112 Saint-Étienne-de-Bolton QC</address>
        <description><![CDATA[Contact person: <br>Contact number: <br>Notes: <br>Designation: P3-013<br>Propriétaire: Cantine Maude<br>APPEL: <br>PRENOM: <br>ADRESSE: 342, Route 112<br>MUNICIPALITE: Saint-Étienne-de-Bolton<br>PROVINCE: QC<br>CODE_POSTAL: <br>TEL_RES: <br>CELLULAIRE: <br>TEL_BUR: 819 555-0113<br>TELECOPIEUR: <br>COURRIEL: <br>Visit date: <br>Call date: <br>call result: <br>Language: ]]></description>
        <styleUrl>#icon-1899-0288D1</styleUrl>
        <ExtendedData>
          <Data name="Contact person">
            <value/>
          </Data>
          <Data name="Contact number">
            <value/>
          </Data>
          <Data name="Notes">
            <value/>
          </Data>
          <Data name="Designation">
            <value>P3-013</value>
          </Data>
          <Data name="Propriétaire">
            <value>Cantine Maude</value>
          </Data>
          <Data name="APPEL">
            <value/>
          </Data>
          <Data name="PRENOM">
            <value/>
          </Data>
          <Data name="ADRESSE">
            <value>342, Route 112</value>
          </Data>
          <Data name="MUNICIPALITE">
            <value>Saint-Étienne-de-Bolton</value>
          </Data>
          <Data name="PROVINCE">
            <value>QC</value>
          </Data>
          <Data name="CODE_POSTAL">
            <value/>
          </Data>
          <Data name="TEL_RES">
            <value/>
          </Data>
          <Data name="CELLULAIRE">
            <value/>
          </Data>
          <Data name="TEL_BUR">
            <value>819 555-0113</value>
          </Data>
          <Data name="TELECOPIEUR">
            <value/>
          </Data>
          <Data name="COURRIEL">
            <value/>
          </Data>
          <Data name="Visit date">
            <value/>
          </Data>
          <Data name="Call date">
            <value/>
          </Data>
          <Data name="call result">
            <value/>
          </Data>
          <Data name="Language">
            <value/>
          </Data>
        </ExtendedData>
      </Placemark>
      <Placemark>
        <name>Cantine Saint-Mathias</name>
        <address>141, Rue du Curé Mauger Saint-Isidore-de-Clifton QC</address>
        <description><![CDATA[Contact person: <br>Contact number: <br>Notes: <br>Designation: P3-014<br>Propriétaire: Cantine Saint-Mathias<br>APPEL: <br>PRENOM: <br>ADRESSE: 141, Rue du Curé Mauger<br>MUNICIPALITE: Saint-Isidore-de-Clifton<br>PROVINCE: QC<br>CODE_POSTAL: <br>TEL_RES: <br>CELLULAIRE: <br>TEL_BUR: 819 555-0114<br>TELECOPIEUR: <br>COURRIEL: <br>Visit date: <br>Call date: <br>call result: <br>Language: ]]></description>
        <styleUrl>#icon-1899-0288D1</styleUrl>
        <ExtendedData>
          <Data name="Contact person">
            <value/>
          </Data>
          <Data name="Contact number">
            <value/>
          </Data>
          <Data name="Notes">
            <value/>
          </Data>
          <Data name="Designation">
            <value>P3-014</value>
          </Data>
          <Data name="Propriétaire">
            <value>Cantine Saint-Mathias</value>
          </Data>
          <Data name="APPEL">
            <value/>
          </Data>
          <Data name="PRENOM">
            <value/>
          </Data>
          <Data name="ADRESSE">
            <value>141, Rue du Curé Mauger</value>
          </Data>
          <Data name="MUNICIPALITE">
            <value>Saint-Isidore-de-Clifton</value>
          </Data>
          <Data name="PROVINCE">
            <value>QC</value>
          </Data>
          <Data name="CODE_POSTAL">
            <value/>
          </Data>
          <Data name="TEL_RES">
            <value/>
          </Data>
          <Data name="CELLULAIRE">
            <value/>
          </Data>
          <Data name="TEL_BUR">
            <value>819 555-0114</value>
          </Data>
          <Data name="TELECOPIEUR">
            <value/>
          </Data>
          <Data name="COURRIEL">
            <value/>
          </Data>
          <Data name="Visit date">
            <value/>
          </Data>
          <Data name="Call date">
            <value/>
          </Data>
          <Data name="call result">
            <value/>
          </Data>
          <Data name="Language">
            <value/>
          </Data>
        </ExtendedData>
      </Placemark>
      <Placemark>
        <name>Cantine Chez Marilyn</name>
        <address><![CDATA[103, Rue Béliveau Saint-Léonard-d'Aston QC J0C 1M0]]></address>
        <description><![CDATA[Contact person: <br>Contact number: <br>Notes: Fermé le lundi<br>Designation: P3-015<br>Propriétaire: Cantine Chez Marilyn<br>APPEL: <br>PRENOM: <br>ADRESSE: 103, Rue Béliveau<br>MUNICIPALITE: Saint-Léonard-d'Aston<br>PROVINCE: QC<br>CODE_POSTAL: J0C 1M0<br>TEL_RES: <br>CELLULAIRE: <br>TEL_BUR: 819 555-0115<br>TELECOPIEUR: <br>COURRIEL: <br>Visit date: <br>Call date: <br>call result: <br>Language: ]]></description>
        <styleUrl>#icon-1899-0288D1</styleUrl>
        <ExtendedData>
          <Data name="Contact person">
            <value/>
          </Data>
          <Data name="Contact number">
            <value/>
          </Data>
          <Data name="Notes">
            <value>Fermé le lundi</value>
          </Data>
          <Data name="Designation">
            <value>P3-015</value>
          </Data>
          <Data name="Propriétaire">
            <value>Cantine Chez Marilyn</value>
          </Data>
          <Data name="APPEL">
            <value/>
          </Data>
          <Data name="PRENOM">
            <value/>
          </Data>
          <Data name="ADRESSE">
            <value>103, Rue Béliveau</value>
          </Data>
          <Data name="MUNICIPALITE">
            <value><![CDATA[Saint-Léonard-d'Aston]]></value>
          </Data>
          <Data name="PROVINCE">
            <value>QC</value>
          </Data>
          <Data name="CODE_POSTAL">
            <value>J0C 1M0</value>
          </Data>
          <Data name="TEL_RES">
            <value/>
          </Data>
          <Data name="CELLULAIRE">
            <value/>
          </Data>
          <Data name="TEL_BUR">
            <value>819 555-0115</value>
          </Data>
          <Data name="TELECOPIEUR">
            <value/>
          </Data>
          <Data name="COURRIEL">
            <value/>
          </Data>
          <Data name="Visit date">
            <value/>
          </Data>
          <Data name="Call date">
            <value/>
          </Data>
          <Data name="call result">
            <value/>
          </Data>
          <Data name="Language">
            <value/>
          </Data>
        </ExtendedData>
      </Placemark>
      <Placemark>
        <name>Cantine du Quai</name>
        <address>59, 1e Avenue Ouest Saint-Maxime-du-Mont-Louis QC</address>
        <description><![CDATA[Contact person: <br>Contact number: <br>Notes: <br>Designation: P3-016<br>Propriétaire: Cantine du Quai<br>APPEL: <br>PRENOM: <br>ADRESSE: 59, 1e Avenue Ouest<br>MUNICIPALITE: Saint-Maxime-du-Mont-Louis<br>PROVINCE: QC<br>CODE_POSTAL: <br>TEL_RES: <br>CELLULAIRE: <br>TEL_BUR: 819 555-0116<br>TELECOPIEUR: <br>COURRIEL: <br>Visit date: <br>Call date: <br>call result: <br>Language: ]]></description>
        <styleUrl>#icon-1899-0288D1</styleUrl>
        <ExtendedData>
          <Data name="Contact person">
            <value/>
          </Data>
          <Data name="Contact number">
            <value/>
          </Data>
          <Data name="Notes">
            <value/>
          </Data>
          <Data name="Designation">
            <value>P3-016</value>
          </Data>
          <Data name="Propriétaire">
            <value>Cantine du Quai</value>
          </Data>
          <Data name="APPEL">
            <value/>
          </Data>
          <Data name="PRENOM">
            <value/>
          </Data>
          <Data name="ADRESSE">
            <value>59, 1e Avenue Ouest</value>
          </Data>
          <Data name="MUNICIPALITE">
            <value>Saint-Maxime-du-Mont-Louis</value>
          </Data>
          <Data name="PROVINCE">
            <value>QC</value>
          </Data>
          <Data name="CODE_POSTAL">
            <value/>
          </Data>
          <Data name="TEL_RES">
            <value/>
          </Data>
          <Data name="CELLULAIRE">
            <value/>
          </Data>
          <Data name="TEL_BUR">
            <value>819 555-0116</value>
          </Data>
          <Data name="TELECOPIEUR">
            <value/>
          </Data>
          <Data name="COURRIEL">
            <value/>
          </Data>
          <Data name="Visit date">
            <value/>
          </Data>
          <Data name="Call date">
            <value/>
          </Data>
          <Data name="call result">
            <value/>
          </Data>
          <Data name="Language">
            <value/>
          </Data>
        </ExtendedData>
      </Placemark>
      <Placemark>
        <name>Cantine Mamie Sylvie</name>
        <address>420, Rue Principale Sainte-Brigitte-des-Saults QC J0C 1E0</address>
        <description><![CDATA[Contact person: <br>Contact number: <br>Notes: <br>Designation: P3-017<br>Propriétaire: Cantine Mamie Sylvie<br>APPEL: <br>PRENOM: <br>ADRESSE: 420, Rue Principale<br>MUNICIPALITE: Sainte-Brigitte-des-Saults<br>PROVINCE: QC<br>CODE_POSTAL: J0C 1E0<br>TEL_RES: <br>CELLULAIRE: <br>TEL_BUR: 819 555-0117<br>TELECOPIEUR: <br>COURRIEL: <br>Visit date: <br>Call date: <br>call result: <br>Language: ]]></description>
        <styleUrl>#icon-1899-0288D1</styleUrl>
        <ExtendedData>
          <Data name="Contact person">
            <value/>
          </Data>
          <Data name="Contact number">
            <value/>
          </Data>
          <Data name="Notes">
            <value/>
          </Data>
          <Data name="Designation">
            <value>P3-017</value>
          </Data>
          <Data name="Propriétaire">
            <value>Cantine Mamie Sylvie</value>
          </Data>
          <Data name="APPEL">
            <value/>
          </Data>
          <Data name="PRENOM">
            <value/>
          </Data>
          <Data name="ADRESSE">
            <value>420, Rue Principale</value>
          </Data>
          <Data name="MUNICIPALITE">
            <value>Sainte-Brigitte-des-Saults</value>
          </Data>
          <Data name="PROVINCE">
            <value>QC</value>
          </Data>
          <Data name="CODE_POSTAL">
            <value>J0C 1E0</value>
          </Data>
          <Data name="TEL_RES">
            <value/>
          </Data>
          <Data name="CELLULAIRE">
            <value/>
          </Data>
          <Data name="TEL_BUR">
            <value>819 555-0117</value>
          </Data>
          <Data name="TELECOPIEUR">
            <value/>
          </Data>
          <Data name="COURRIEL">
            <value/>
          </Data>
          <Data name="Visit date">
            <value/>
          </Data>
          <Data name="Call date">
            <value/>
          </Data>
          <Data name="call result">
            <value/>
          </Data>
          <Data name="Language">
            <value/>
          </Data>
        </ExtendedData>
      </Placemark>
      <Placemark>
        <name>Cantine Sainte-Flavie</name>
        <address>478, Route de la Mer Sainte-Flavie QC</address>
        <description><![CDATA[Contact person: <br>Contact number: <br>Notes: <br>Designation: P3-018<br>Propriétaire: Cantine Sainte-Flavie<br>APPEL: <br>PRENOM: <br>ADRESSE: 478, Route de la Mer<br>MUNICIPALITE: Sainte-Flavie<br>PROVINCE: QC<br>CODE_POSTAL: <br>TEL_RES: <br>CELLULAIRE: <br>TEL_BUR: 819 555-0118<br>TELECOPIEUR: <br>COURRIEL: <br>Visit date: <br>Call date: <br>call result: <br>Language: ]]></description>
        <styleUrl>#icon-1899-0288D1</styleUrl>
        <ExtendedData>
          <Data name="Contact person">
            <value/>
          </Data>
          <Data name="Contact number">
            <value/>
          </Data>
          <Data name="Notes">
            <value/>
          </Data>
          <Data name="Designation">
            <value>P3-018</value>
          </Data>
          <Data name="Propriétaire">
            <value>Cantine Sainte-Flavie</value>
          </Data>
          <Data name="APPEL">
            <value/>
          </Data>
          <Data name="PRENOM">
            <value/>
          </Data>
          <Data name="ADRESSE">
            <value>478, Route de la Mer</value>
          </Data>
          <Data name="MUNICIPALITE">
            <value>Sainte-Flavie</value>
          </Data>
          <Data name="PROVINCE">
            <value>QC</value>
          </Data>
          <Data name="CODE_POSTAL">
            <value/>
          </Data>
          <Data name="TEL_RES">
            <value/>
          </Data>
          <Data name="CELLULAIRE">
            <value/>
          </Data>
          <Data name="TEL_BUR">
            <value>819 555-0118</value>
          </Data>
          <Data name="TELECOPIEUR">
            <value/>
          </Data>
          <Data name="COURRIEL">
            <value/>
          </Data>
          <Data name="Visit date">
            <value/>
          </Data>
          <Data name="Call date">
            <value/>
          </Data>
          <Data name="call result">
            <value/>
          </Data>
          <Data name="Language">
            <value/>
          </Data>
        </ExtendedData>
      </Placemark>
      <Placemark>
        <name>Cantine La Fourchette</name>
        <address>207, Route 132 Shigawake QC G0C</address>
        <description><![CDATA[Contact person: <br>Contact number: <br>Notes: <br>Designation: P3-019<br>Propriétaire: Cantine La Fourchette<br>APPEL: <br>PRENOM: <br>ADRESSE: 207, Route 132<br>MUNICIPALITE: Shigawake<br>PROVINCE: QC<br>CODE_POSTAL: G0C<br>TEL_RES: <br>CELLULAIRE: <br>TEL_BUR: 819 555-0119<br>TELECOPIEUR: <br>COURRIEL: <br>Visit date: <br>Call date: <br>call result: <br>Language: ]]></description>
        <styleUrl>#icon-1899-0288D1</styleUrl>
        <ExtendedData>
          <Data name="Contact person">
            <value/>
          </Data>
          <Data name="Contact number">
            <value/>
          </Data>
          <Data name="Notes">
            <value/>
          </Data>
          <Data name="Designation">
            <value>P3-019</value>
          </Data>
          <Data name="Propriétaire">
            <value>Cantine La Fourchette</value>
          </Data>
          <Data name="APPEL">
            <value/>
          </Data>
          <Data name="PRENOM">
            <value/>
          </Data>
          <Data name="ADRESSE">
            <value>207, Route 132</value>
          </Data>
          <Data name="MUNICIPALITE">
            <value>Shigawake</value>
          </Data>
          <Data name="PROVINCE">
            <value>QC</value>
          </Data>
          <Data name="CODE_POSTAL">
            <value>G0C</value>
          </Data>
          <Data name="TEL_RES">
            <value/>
          </Data>
          <Data name="CELLULAIRE">
            <value/>
          </Data>
          <Data name="TEL_BUR">
            <value>819 555-0119</value>
          </Data>
          <Data name="TELECOPIEUR">
            <value/>
          </Data>
          <Data name="COURRIEL">
            <value/>
          </Data>
          <Data name="Visit date">
            <value/>
          </Data>
          <Data name="Call date">
            <value/>
          </Data>
          <Data name="call result">
            <value/>
          </Data>
          <Data name="Language">
            <value/>
          </Data>
        </ExtendedData>
      </Placemark>
      <Placemark>
        <name>Cantine La Fourchette</name>
        <address>207, Route 132 Shigawake QC G0C</address>
        <description><![CDATA[Contact person: <br>Contact number: <br>Notes: <br>Designation: P3-020<br>Propriétaire: Cantine La Fourchette<br>APPEL: <br>PRENOM: <br>ADRESSE: 207, Route 132<br>MUNICIPALITE: Shigawake<br>PROVINCE: QC<br>CODE_POSTAL: G0C<br>TEL_RES: <br>CELLULAIRE: <br>TEL_BUR: 819 555-0120<br>TELECOPIEUR: <br>COURRIEL: <br>Visit date: <br>Call date: <br>call result: <br>Language: ]]></description>
        <styleUrl>#icon-1899-0288D1</styleUrl>
        <ExtendedData>
          <Data name="Contact person">
            <value/>
          </Data>
          <Data name="Contact number">
            <value/>
          </Data>
          <Data name="Notes">
            <value/>
          </Data>
          <Data name="Designation">
            <value>P3-020</value>
          </Data>
          <Data name="Propriétaire">
            <value>Cantine La Fourchette</value>
          </Data>
          <Data name="APPEL">
            <value/>
          </Data>
          <Data name="PRENOM">
            <value/>
          </Data>
          <Data name="ADRESSE">
            <value>207, Route 132</value>
          </Data>
          <Data name="MUNICIPALITE">
            <value>Shigawake</value>
          </Data>
          <Data name="PROVINCE">
            <value>QC</value>
          </Data>
          <Data name="CODE_POSTAL">
            <value>G0C</value>
          </Data>
          <Data name="TEL_RES">
            <value/>
          </Data>
          <Data name="CELLULAIRE">
            <value/>
          </Data>
          <Data name="TEL_BUR">
            <value>819 555-0120</value>
          </Data>
          <Data name="TELECOPIEUR">
            <value/>
          </Data>
          <Data name="COURRIEL">
            <value/>
          </Data>
          <Data name="Visit date">
            <value/>
          </Data>
          <Data name="Call date">
            <value/>
          </Data>
          <Data name="call result">
            <value/>
          </Data>
          <Data name="Language">
            <value/>
          </Data>
        </ExtendedData>
      </Placemark>
      <Placemark>
        <name>Cantine Hurteau</name>
        <address><![CDATA[112, Avenue de l'Hôtel-Dieu Sorel-Tracy QC J3P 1L4]]></address>
        <description><![CDATA[Contact person: <br>Contact number: <br>Notes: <br>Designation: P3-021<br>Propriétaire: Cantine Hurteau<br>APPEL: <br>PRENOM: <br>ADRESSE: 112, Avenue de l'Hôtel-Dieu<br>MUNICIPALITE: Sorel-Tracy<br>PROVINCE: QC<br>CODE_POSTAL: J3P 1L4<br>TEL_RES: <br>CELLULAIRE: <br>TEL_BUR: 819 555-0121<br>TELECOPIEUR: <br>COURRIEL: <br>Visit date: <br>Call date: <br>call result: <br>Language: ]]></description>
        <styleUrl>#icon-1899-0288D1</styleUrl>
        <ExtendedData>
          <Data name="Contact person">
            <value/>
          </Data>
          <Data name="Contact number">
            <value/>
          </Data>
          <Data name="Notes">
            <value/>
          </Data>
          <Data name="Designation">
            <value>P3-021</value>
          </Data>
          <Data name="Propriétaire">
            <value>Cantine Hurteau</value>
          </Data>
          <Data name="APPEL">
            <value/>
          </Data>
          <Data name="PRENOM">
            <value/>
          </Data>
          <Data name="ADRESSE">
            <value><![CDATA[112, Avenue de l'Hôtel-Dieu]]></value>
          </Data>
          <Data name="MUNICIPALITE">
            <value>Sorel-Tracy</value>
          </Data>
          <Data name="PROVINCE">
            <value>QC</value>
          </Data>
          <Data name="CODE_POSTAL">
            <value>J3P 1L4</value>
          </Data>
          <Data name="TEL_RES">
            <value/>
          </Data>
          <Data name="CELLULAIRE">
            <value/>
          </Data>
          <Data name="TEL_BUR">
            <value>819 555-0121</value>
          </Data>
          <Data name="TELECOPIEUR">
            <value/>
          </Data>
          <Data name="COURRIEL">
            <value/>
          </Data>
          <Data name="Visit date">
            <value/>
          </Data>
          <Data name="Call date">
            <value/>
          </Data>
          <Data name="call result">
            <value/>
          </Data>
          <Data name="Language">
            <value/>
          </Data>
        </ExtendedData>
      </Placemark>
      <Placemark>
        <name>Cantine La Paysanne</name>
        <address>153, Route 132 Est Val-Brillant QC G0J 3L0</address>
        <description><![CDATA[Contact person: <br>Contact number: <br>Notes: <br>Designation: P3-022<br>Propriétaire: Cantine La Paysanne<br>APPEL: <br>PRENOM: <br>ADRESSE: 153, Route 132 Est<br>MUNICIPALITE: Val-Brillant<br>PROVINCE: QC<br>CODE_POSTAL: G0J 3L0<br>TEL_RES: <br>CELLULAIRE: <br>TEL_BUR: 819 555-0122<br>TELECOPIEUR: <br>COURRIEL: <br>Visit date: <br>Call date: <br>call result: <br>Language: ]]></description>
        <styleUrl>#icon-1899-0288D1</styleUrl>
        <ExtendedData>
          <Data name="Contact person">
            <value/>
          </Data>
          <Data name="Contact number">
            <value/>
          </Data>
          <Data name="Notes">
            <value/>
          </Data>
          <Data name="Designation">
            <value>P3-022</value>
          </Data>
          <Data name="Propriétaire">
            <value>Cantine La Paysanne</value>
          </Data>
          <Data name="APPEL">
            <value/>
          </Data>
          <Data name="PRENOM">
            <value/>
          </Data>
          <Data name="ADRESSE">
            <value>153, Route 132 Est</value>
          </Data>
          <Data name="MUNICIPALITE">
            <value>Val-Brillant</value>
          </Data>
          <Data name="PROVINCE">
            <value>QC</value>
          </Data>
          <Data name="CODE_POSTAL">
            <value>G0J 3L0</value>
          </Data>
          <Data name="TEL_RES">
            <value/>
          </Data>
          <Data name="CELLULAIRE">
            <value/>
          </Data>
          <Data name="TEL_BUR">
            <value>819 555-0122</value>
          </Data>
          <Data name="TELECOPIEUR">
            <value/>
          </Data>
          <Data name="COURRIEL">
            <value/>
          </Data>
          <Data name="Visit date">
            <value/>
          </Data>
          <Data name="Call date">
            <value/>
          </Data>
          <Data name="call result">
            <value/>
          </Data>
          <Data name="Language">
            <value/>
          </Data>
        </ExtendedData>
      </Placemark>
    </Folder>
    <Folder>
      <name>Casse-croûtes.xlsx</name>
      <Placemark>
        <name><![CDATA[Jukebox Burgers & Bar Laitier]]></name>
        <address>11798, Boulevard de Salaberry Dollard-Des Ormeaux QC H9B 2R8</address>
        <description><![CDATA[Contact person: <br>Contact number: <br>Notes: <br>designation: P1-001<br>Propriétaire: Jukebox Burgers & Bar Laitier<br>APPEL: <br>PRENOM: <br>ADRESSE: 11798, Boulevard de Salaberry<br>MUNICIPALITE: Dollard-Des Ormeaux<br>PROVINCE: QC<br>CODE_POSTAL: H9B 2R8<br>TEL_RES: <br>CELLULAIRE: <br>TEL_BUR: 418 555-0101<br>TELECOPIEUR: <br>COURRIEL: <br>Visit date: <br>Call date: <br>call result: <br>Language: <br>Latitude: 45.484<br>Longitude: -73.804]]></description>
        <styleUrl>#icon-1899-0288D1</styleUrl>
        <ExtendedData>
          <Data name="Contact person">
            <value/>
          </Data>
          <Data name="Contact number">
            <value/>
          </Data>
          <Data name="Notes">
            <value/>
          </Data>
          <Data name="designation">
            <value>P1-001</value>
          </Data>
          <Data name="Propriétaire">
            <value><![CDATA[Jukebox Burgers & Bar Laitier]]></value>
          </Data>
          <Data name="APPEL">
            <value/>
          </Data>
          <Data name="PRENOM">
            <value/>
          </Data>
          <Data name="ADRESSE">
            <value>11798, Boulevard de Salaberry</value>
          </Data>
          <Data name="MUNICIPALITE">
            <value>Dollard-Des Ormeaux</value>
          </Data>
          <Data name="PROVINCE">
            <value>QC</value>
          </Data>
          <Data name="CODE_POSTAL">
            <value>H9B 2R8</value>
          </Data>
          <Data name="TEL_RES">
            <value/>
          </Data>
          <Data name="CELLULAIRE">
            <value/>
          </Data>
          <Data name="TEL_BUR">
            <value>418 555-0101</value>
          </Data>
          <Data name="TELECOPIEUR">
            <value/>
          </Data>
          <Data name="COURRIEL">
            <value/>
          </Data>
          <Data name="Visit date">
            <value/>
          </Data>
          <Data name="Call date">
            <value/>
          </Data>
          <Data name="call result">
            <value/>
          </Data>
          <Data name="Language">
            <value/>
          </Data>
          <Data name="Latitude">
            <value>45.4840647</value>
          </Data>
          <Data name="Longitude">
            <value>-73.8038272</value>
          </Data>
        </ExtendedData>
      </Placemark>
      <Placemark>
        <name>Casse Croute Maxi Frite</name>
        <address>972, Boulevard Maloney Est Gatineau QC</address>
        <description><![CDATA[Contact person: <br>Contact number: <br>Notes: <br>designation: P1-002<br>Propriétaire: Casse Croute Maxi Frite<br>APPEL: <br>PRENOM: <br>ADRESSE: 972, Boulevard Maloney Est<br>MUNICIPALITE: Gatineau<br>PROVINCE: QC<br>CODE_POSTAL: <br>TEL_RES: <br>CELLULAIRE: <br>TEL_BUR: 418 555-0102<br>TELECOPIEUR: <br>COURRIEL: <br>Visit date: <br>Call date: <br>call result: <br>Language: <br>Latitude: 45.491<br>Longitude: -75.593]]></description>
        <styleUrl>#icon-1899-0288D1</styleUrl>
        <ExtendedData>
          <Data name="Contact person">
            <value/>
          </Data>
          <Data name="Contact number">
            <value/>
          </Data>
          <Data name="Notes">
            <value/>
          </Data>
          <Data name="designation">
            <value>P1-002</value>
          </Data>
          <Data name="Propriétaire">
            <value>Casse Croute Maxi Frite</value>
          </Data>
          <Data name="APPEL">
            <value/>
          </Data>
          <Data name="PRENOM">
            <value/>
          </Data>
          <Data name="ADRESSE">
            <value>972, Boulevard Maloney Est</value>
          </Data>
          <Data name="MUNICIPALITE">
            <value>Gatineau</value>
          </Data>
          <Data name="PROVINCE">
            <value>QC</value>
          </Data>
          <Data name="CODE_POSTAL">
            <value/>
          </Data>
          <Data name="TEL_RES">
            <value/>
          </Data>
          <Data name="CELLULAIRE">
            <value/>
          </Data>
          <Data name="TEL_BUR">
            <value>418 555-0102</value>
          </Data>
          <Data name="TELECOPIEUR">
            <value/>
          </Data>
          <Data name="COURRIEL">
            <value/>
          </Data>
          <Data name="Visit date">
            <value/>
          </Data>
          <Data name="Call date">
            <value/>
          </Data>
          <Data name="call result">
            <value/>
          </Data>
          <Data name="Language">
            <value/>
          </Data>
          <Data name="Latitude">
            <value>45.4906154</value>
          </Data>
          <Data name="Longitude">
            <value>-75.5929451</value>
          </Data>
        </ExtendedData>
      </Placemark>
      <Placemark>
        <name>Snack-Shack</name>
        <address>420, Boulevard Wilfrid-Lavigne Gatineau QC</address>
        <description><![CDATA[Contact person: <br>Contact number: <br>Notes: <br>designation: P1-002<br>Propriétaire: Snack-Shack<br>APPEL: <br>PRENOM: <br>ADRESSE: 420, Boulevard Wilfrid-Lavigne<br>MUNICIPALITE: Gatineau<br>PROVINCE: QC<br>CODE_POSTAL: <br>TEL_RES: <br>CELLULAIRE: <br>TEL_BUR: 418 555-0103<br>TELECOPIEUR: <br>COURRIEL: <br>Visit date: <br>Call date: <br>call result: <br>Language: <br>Latitude: 45.398<br>Longitude: -75.836]]></description>
        <styleUrl>#icon-1899-0288D1</styleUrl>
        <ExtendedData>
          <Data name="Contact person">
            <value/>
          </Data>
          <Data name="Contact number">
            <value/>
          </Data>
          <Data name="Notes">
            <value/>
          </Data>
          <Data name="designation">
            <value>P1-002</value>
          </Data>
          <Data name="Propriétaire">
            <value>Snack-Shack</value>
          </Data>
          <Data name="APPEL">
            <value/>
          </Data>
          <Data name="PRENOM">
            <value/>
          </Data>
          <Data name="ADRESSE">
            <value>420, Boulevard Wilfrid-Lavigne</value>
          </Data>
          <Data name="MUNICIPALITE">
            <value>Gatineau</value>
          </Data>
          <Data name="PROVINCE">
            <value>QC</value>
          </Data>
          <Data name="CODE_POSTAL">
            <value/>
          </Data>
          <Data name="TEL_RES">
            <value/>
          </Data>
          <Data name="CELLULAIRE">
            <value/>
          </Data>
          <Data name="TEL_BUR">
            <value>418 555-0103</value>
          </Data>
          <Data name="TELECOPIEUR">
            <value/>
          </Data>
          <Data name="COURRIEL">
            <value/>
          </Data>
          <Data name="Visit date">
            <value/>
          </Data>
          <Data name="Call date">
            <value/>
          </Data>
          <Data name="call result">
            <value/>
          </Data>
          <Data name="Language">
            <value/>
          </Data>
          <Data name="Latitude">
            <value>45.3984801</value>
          </Data>
          <Data name="Longitude">
            <value>-75.8360963</value>
          </Data>
        </ExtendedData>
      </Placemark>
      <Placemark>
        <name>Casse-Croûte Fromage et cie</name>
        <address>29, Rue Maple Grenville QC</address>
        <description><![CDATA[Contact person: <br>Contact number: <br>Notes: <br>designation: P1-003<br>Propriétaire: Casse-Croûte Fromage et cie<br>APPEL: <br>PRENOM: <br>ADRESSE: 29, Rue Maple<br>MUNICIPALITE: Grenville<br>PROVINCE: QC<br>CODE_POSTAL: <br>TEL_RES: <br>CELLULAIRE: <br>TEL_BUR: 418 555-0104<br>TELECOPIEUR: <br>COURRIEL: <br>Visit date: <br>Call date: <br>call result: <br>Language: <br>Latitude: 45.623<br>Longitude: -74.593]]></description>
        <styleUrl>#icon-1899-0288D1</styleUrl>
        <ExtendedData>
          <Data name="Contact person">
            <value/>
          </Data>
          <Data name="Contact number">
            <value/>
          </Data>
          <Data name="Notes">
            <value/>
          </Data>
          <Data name="designation">
            <value>P1-003</value>
          </Data>
          <Data name="Propriétaire">
            <value>Casse-Croûte Fromage et cie</value>
          </Data>
          <Data name="APPEL">
            <value/>
          </Data>
          <Data name="PRENOM">
            <value/>
          </Data>
          <Data name="ADRESSE">
            <value>29, Rue Maple</value>
          </Data>
          <Data name="MUNICIPALITE">
            <value>Grenville</value>
          </Data>
          <Data name="PROVINCE">
            <value>QC</value>
          </Data>
          <Data name="CODE_POSTAL">
            <value/>
          </Data>
          <Data name="TEL_RES">
            <value/>
          </Data>
          <Data name="CELLULAIRE">
            <value/>
          </Data>
          <Data name="TEL_BUR">
            <value>418 555-0104</value>
          </Data>
          <Data name="TELECOPIEUR">
            <value/>
          </Data>
          <Data name="COURRIEL">
            <value/>
          </Data>
          <Data name="Visit date">
            <value/>
          </Data>
          <Data name="Call date">
            <value/>
          </Data>
          <Data name="call result">
            <value/>
          </Data>
          <Data name="Language">
            <value/>
          </Data>
          <Data name="Latitude">
            <value>45.6231948</value>
          </Data>
          <Data name="Longitude">
            <value>-74.5930294</value>
          </Data>
        </ExtendedData>
      </Placemark>
      <Placemark>
        <name>Casse-Croûte La Bonne Bouffe</name>
        <address>551 Boulevard Saint-François Lac-des-Écorces QC J0W 1H0</address>
        <description><![CDATA[Contact person: <br>Contact number: <br>Notes: Terrasse l’été<br>designation: P1-004<br>Propriétaire: Casse-Croûte La Bonne Bouffe<br>APPEL: <br>PRENOM: <br>ADRESSE: 551 Boulevard Saint-François<br>MUNICIPALITE: Lac-des-Écorces<br>PROVINCE: QC<br>CODE_POSTAL: J0W 1H0<br>TEL_RES: <br>CELLULAIRE: <br>TEL_BUR: 418 555-0105<br>TELECOPIEUR: <br>COURRIEL: <br>Visit date: <br>Call date: <br>call result: <br>Language: <br>Latitude: 46.559<br>Longitude: -75.372]]></description>
        <styleUrl>#icon-1899-0288D1</styleUrl>
        <ExtendedData>
          <Data name="Contact person">
            <value/>
          </Data>
          <Data name="Contact number">
            <value/>
          </Data>
          <Data name="Notes">
            <value>Terrasse l’été</value>
          </Data>
          <Data name="designation">
            <value>P1-004</value>
          </Data>
          <Data name="Propriétaire">
            <value>Casse-Croûte La Bonne Bouffe</value>
          </Data>
          <Data name="APPEL">
            <value/>
          </Data>
          <Data name="PRENOM">
            <value/>
          </Data>
          <Data name="ADRESSE">
            <value>551 Boulevard Saint-François</value>
          </Data>
          <Data name="MUNICIPALITE">
            <value>Lac-des-Écorces</value>
          </Data>
          <Data name="PROVINCE">
            <value>QC</value>
          </Data>
          <Data name="CODE_POSTAL">
            <value>J0W 1H0</value>
          </Data>
          <Data name="TEL_RES">
            <value/>
          </Data>
          <Data name="CELLULAIRE">
            <value/>
          </Data>
          <Data name="TEL_BUR">
            <value>418 555-0105</value>
          </Data>
          <Data name="TELECOPIEUR">
            <value/>
          </Data>
          <Data name="COURRIEL">
            <value/>
          </Data>
          <Data name="Visit date">
            <value/>
          </Data>
          <Data name="Call date">
            <value/>
          </Data>
          <Data name="call result">
            <value/>
          </Data>
          <Data name="Language">
            <value/>
          </Data>
          <Data name="Latitude">
            <value>46.559056</value>
          </Data>
          <Data name="Longitude">
            <value>-75.3718851</value>
          </Data>
        </ExtendedData>
      </Placemark>
      <Placemark>
        <name>Casse Croute Chez Renée</name>
        <address>238, Avenue Hamford Lachute QC J8H 3P1</address>
        <description><![CDATA[Contact person: <br>Contact number: <br>Notes: <br>designation: P1-005<br>Propriétaire: Casse Croute Chez Renée<br>APPEL: <br>PRENOM: <br>ADRESSE: 238, Avenue Hamford<br>MUNICIPALITE: Lachute<br>PROVINCE: QC<br>CODE_POSTAL: J8H 3P1<br>TEL_RES: <br>CELLULAIRE: <br>TEL_BUR: 418 555-0106<br>TELECOPIEUR: <br>COURRIEL: <br>Visit date: <br>Call date: <br>call result: <br>Language: <br>Latitude: 45.649<br>Longitude: -74.353]]></description>
        <styleUrl>#icon-1899-0288D1</styleUrl>
        <ExtendedData>
          <Data name="Contact person">
            <value/>
          </Data>
          <Data name="Contact number">
            <value/>
          </Data>
          <Data name="Notes">
            <value/>
          </Data>
          <Data name="designation">
            <value>P1-005</value>
          </Data>
          <Data name="Propriétaire">
            <value>Casse Croute Chez Renée</value>
          </Data>
          <Data name="APPEL">
            <value/>
          </Data>
          <Data name="PRENOM">
            <value/>
          </Data>
          <Data name="ADRESSE">
            <value>238, Avenue Hamford</value>
          </Data>
          <Data name="MUNICIPALITE">
            <value>Lachute</value>
          </Data>
          <Data name="PROVINCE">
            <value>QC</value>
          </Data>
          <Data name="CODE_POSTAL">
            <value>J8H 3P1</value>
          </Data>
          <Data name="TEL_RES">
            <value/>
          </Data>
          <Data name="CELLULAIRE">
            <value/>
          </Data>
          <Data name="TEL_BUR">
            <value>418 555-0106</value>
          </Data>
          <Data name="TELECOPIEUR">
            <value/>
          </Data>
          <Data name="COURRIEL">
            <value/>
          </Data>
          <Data name="Visit date">
            <value/>
          </Data>
          <Data name="Call date">
            <value/>
          </Data>
          <Data name="call result">
            <value/>
          </Data>
          <Data name="Language">
            <value/>
          </Data>
          <Data name="Latitude">
            <value>45.649075</value>
          </Data>
          <Data name="Longitude">
            <value>-74.3530286</value>
          </Data>
        </ExtendedData>
      </Placemark>
      <Placemark>
        <name>Casse Croute Chez Renée</name>
        <address>238, Avenue Hamford Lachute QC J8H 3P1</address>
        <description><![CDATA[Contact person: <br>Contact number: <br>Notes: <br>designation: P1-006<br>Propriétaire: Casse Croute Chez Renée<br>APPEL: <br>PRENOM: <br>ADRESSE: 238, Avenue Hamford<br>MUNICIPALITE: Lachute<br>PROVINCE: QC<br>CODE_POSTAL: J8H 3P1<br>TEL_RES: <br>CELLULAIRE: <br>TEL_BUR: 418 555-0107<br>TELECOPIEUR: <br>COURRIEL: <br>Visit date: <br>Call date: <br>call result: <br>Language: <br>Latitude: 45.649<br>Longitude: -74.353]]></description>
        <styleUrl>#icon-1899-0288D1</styleUrl>
        <ExtendedData>
          <Data name="Contact person">
            <value/>
          </Data>
          <Data name="Contact number">
            <value/>
          </Data>
          <Data name="Notes">
            <value/>
          </Data>
          <Data name="designation">
            <value>P1-006</value>
          </Data>
          <Data name="Propriétaire">
            <value>Casse Croute Chez Renée</value>
          </Data>
          <Data name="APPEL">
            <value/>
          </Data>
          <Data name="PRENOM">
            <value/>
          </Data>
          <Data name="ADRESSE">
            <value>238, Avenue Hamford</value>
          </Data>
          <Data name="MUNICIPALITE">
            <value>Lachute</value>
          </Data>
          <Data name="PROVINCE">
            <value>QC</value>
          </Data>
          <Data name="CODE_POSTAL">
            <value>J8H 3P1</value>
          </Data>
          <Data name="TEL_RES">
            <value/>
          </Data>
          <Data name="CELLULAIRE">
            <value/>
          </Data>
          <Data name="TEL_BUR">
            <value>418 555-0107</value>
          </Data>
          <Data name="TELECOPIEUR">
            <value/>
          </Data>
          <Data name="COURRIEL">
            <value/>
          </Data>
          <Data name="Visit date">
            <value/>
          </Data>
          <Data name="Call date">
            <value/>
          </Data>
          <Data name="call result">
            <value/>
          </Data>
          <Data name="Language">
            <value/>
          </Data>
          <Data name="Latitude">
            <value>45.649075</value>
          </Data>
          <Data name="Longitude">
            <value>-74.3530286</value>
          </Data>
        </ExtendedData>
      </Placemark>
      <Placemark>
        <name>Casse Croute Campbell</name>
        <address>1280, Route Principale Lachute QC J8H 3W7</address>
        <description><![CDATA[Contact person: <br>Contact number: <br>Notes: <br>designation: P1-007<br>Propriétaire: Casse Croute Campbell<br>APPEL: <br>PRENOM: <br>ADRESSE: 1280, Route Principale<br>MUNICIPALITE: Lachute<br>PROVINCE: QC<br>CODE_POSTAL: J8H 3W7<br>TEL_RES: <br>CELLULAIRE: <br>TEL_BUR: 418 555-0108<br>TELECOPIEUR: <br>COURRIEL: <br>Visit date: <br>Call date: <br>call result: <br>Language: <br>Latitude: 45.664<br>Longitude: -74.297]]></description>
        <styleUrl>#icon-1899-0288D1</styleUrl>
        <ExtendedData>
          <Data name="Contact person">
            <value/>
          </Data>
          <Data name="Contact number">
            <value/>
          </Data>
          <Data name="Notes">
            <value/>
          </Data>
          <Data name="designation">
            <value>P1-007</value>
          </Data>
          <Data name="Propriétaire">
            <value>Casse Croute Campbell</value>
          </Data>
          <Data name="APPEL">
            <value/>
          </Data>
          <Data name="PRENOM">
            <value/>
          </Data>
          <Data name="ADRESSE">
            <value>1280, Route Principale</value>
          </Data>
          <Data name="MUNICIPALITE">
            <value>Lachute</value>
          </Data>
          <Data name="PROVINCE">
            <value>QC</value>
          </Data>
          <Data name="CODE_POSTAL">
            <value>J8H 3W7</value>
          </Data>
          <Data name="TEL_RES">
            <value/>
          </Data>
          <Data name="CELLULAIRE">
            <value/>
          </Data>
          <Data name="TEL_BUR">
            <value>418 555-0108</value>
          </Data>
          <Data name="TELECOPIEUR">
            <value/>
          </Data>
          <Data name="COURRIEL">
            <value/>
          </Data>
          <Data name="Visit date">
            <value/>
          </Data>
          <Data name="Call date">
            <value/>
          </Data>
          <Data name="call result">
            <value/>
          </Data>
          <Data name="Language">
            <value/>
          </Data>
          <Data name="Latitude">
            <value>45.6639236</value>
          </Data>
          <Data name="Longitude">
            <value>-74.2967632</value>
          </Data>
        </ExtendedData>
      </Placemark>
      <Placemark>
        <name>Casse-Croûte Bournival</name>
        <address>23 Rue Notre-Dame est Lorrainville QC J0Z 2R0</address>
        <description><![CDATA[Contact person: <br>Contact number: <br>Notes: <br>designation: P1-008<br>Propriétaire: Casse-Croûte Bournival<br>APPEL: <br>PRENOM: <br>ADRESSE: 23 Rue Notre-Dame est<br>MUNICIPALITE: Lorrainville<br>PROVINCE: QC<br>CODE_POSTAL: J0Z 2R0<br>TEL_RES: <br>CELLULAIRE: <br>TEL_BUR: 418 555-0109<br>TELECOPIEUR: <br>COURRIEL: <br>Visit date: <br>Call date: <br>call result: <br>Language: <br>Latitude: <br>Longitude: ]]></description>
        <styleUrl>#icon-1899-0288D1</styleUrl>
        <ExtendedData>
          <Data name="Contact person">
            <value/>
          </Data>
          <Data name="Contact number">
            <value/>
          </Data>
          <Data name="Notes">
            <value/>
          </Data>
          <Data name="designation">
            <value>P1-008</value>
          </Data>
          <Data name="Propriétaire">
            <value>Casse-Croûte Bournival</value>
          </Data>
          <Data name="APPEL">
            <value/>
          </Data>
          <Data name="PRENOM">
            <value/>
          </Data>
          <Data name="ADRESSE">
            <value>23 Rue Notre-Dame est</value>
          </Data>
          <Data name="MUNICIPALITE">
            <value>Lorrainville</value>
          </Data>
          <Data name="PROVINCE">
            <value>QC</value>
          </Data>
          <Data name="CODE_POSTAL">
            <value>J0Z 2R0</value>
          </Data>
          <Data name="TEL_RES">
            <value/>
          </Data>
          <Data name="CELLULAIRE">
            <value/>
          </Data>
          <Data name="TEL_BUR">
            <value>418 555-0109</value>
          </Data>
          <Data name="TELECOPIEUR">
            <value/>
          </Data>
          <Data name="COURRIEL">
            <value/>
          </Data>
          <Data name="Visit date">
            <value/>
          </Data>
          <Data name="Call date">
            <value/>
          </Data>
          <Data name="call result">
            <value/>
          </Data>
          <Data name="Language">
            <value/>
          </Data>
          <Data name="Latitude">
            <value/>
          </Data>
          <Data name="Longitude">
            <value/>
          </Data>
        </ExtendedData>
      </Placemark>
      <Placemark>
        <name>Snack Bar Au Vieux Frêne</name>
        <address>14620, Route Arthur-Sauvé Mirabel QC</address>
        <description><![CDATA[Contact person: <br>Contact number: <br>Notes: <br>designation: P1-009<br>Propriétaire: Snack Bar Au Vieux Frêne<br>APPEL: <br>PRENOM: <br>ADRESSE: 14620, Route Arthur-Sauvé<br>MUNICIPALITE: Mirabel<br>PROVINCE: QC<br>CODE_POSTAL: <br>TEL_RES: <br>CELLULAIRE: <br>TEL_BUR: 418 555-0110<br>TELECOPIEUR: <br>COURRIEL: <br>Visit date: <br>Call date: <br>call result: <br>Language: <br>Latitude: 45.579<br>Longitude: -73.991]]></description>
        <styleUrl>#icon-1899-0288D1</styleUrl>
        <ExtendedData>
          <Data name="Contact person">
            <value/>
          </Data>
          <Data name="Contact number">
            <value/>
          </Data>
          <Data name="Notes">
            <value/>
          </Data>
          <Data name="designation">
            <value>P1-009</value>
          </Data>
          <Data name="Propriétaire">
            <value>Snack Bar Au Vieux Frêne</value>
          </Data>
          <Data name="APPEL">
            <value/>
          </Data>
          <Data name="PRENOM">
            <value/>
          </Data>
          <Data name="ADRESSE">
            <value>14620, Route Arthur-Sauvé</value>
          </Data>
          <Data name="MUNICIPALITE">
            <value>Mirabel</value>
          </Data>
          <Data name="PROVINCE">
            <value>QC</value>
          </Data>
          <Data name="CODE_POSTAL">
            <value/>
          </Data>
          <Data name="TEL_RES">
            <value/>
          </Data>
          <Data name="CELLULAIRE">
            <value/>
          </Data>
          <Data name="TEL_BUR">
            <value>418 555-0110</value>
          </Data>
          <Data name="TELECOPIEUR">
            <value/>
          </Data>
          <Data name="COURRIEL">
            <value/>
          </Data>
          <Data name="Visit date">
            <value/>
          </Data>
          <Data name="Call date">
            <value/>
          </Data>
          <Data name="call result">
            <value/>
          </Data>
          <Data name="Language">
            <value/>
          </Data>
          <Data name="Latitude">
            <value>45.5790839</value>
          </Data>
          <Data name="Longitude">
            <value>-73.9906821</value>
          </Data>
        </ExtendedData>
      </Placemark>
      <Placemark>
        <name>Casse-croûte Le St-Scho</name>
        <address>10170, Rue Saint-Vincent Mirabel QC J7N 2Y1</address>
        <description><![CDATA[Contact person: <br>Contact number: <br>Notes: <br>designation: P1-009<br>Propriétaire: Casse-croûte Le St-Scho<br>APPEL: <br>PRENOM: <br>ADRESSE: 10170, Rue Saint-Vincent<br>MUNICIPALITE: Mirabel<br>PROVINCE: QC<br>CODE_POSTAL: J7N 2Y1<br>TEL_RES: <br>CELLULAIRE: <br>TEL_BUR: 418 555-0111<br>TELECOPIEUR: <br>COURRIEL: <br>Visit date: <br>Call date: <br>call result: <br>Language: <br>Latitude: 45.654<br>Longitude: -74.093]]></description>
        <styleUrl>#icon-1899-0288D1</styleUrl>
        <ExtendedData>
          <Data name="Contact person">
            <value/>
          </Data>
          <Data name="Contact number">
            <value/>
          </Data>
          <Data name="Notes">
            <value/>
          </Data>
          <Data name="designation">
            <value>P1-009</value>
          </Data>
          <Data name="Propriétaire">
            <value>Casse-croûte Le St-Scho</value>
          </Data>
          <Data name="APPEL">
            <value/>
          </Data>
          <Data name="PRENOM">
            <value/>
          </Data>
          <Data name="ADRESSE">
            <value>10170, Rue Saint-Vincent</value>
          </Data>
          <Data name="MUNICIPALITE">
            <value>Mirabel</value>
          </Data>
          <Data name="PROVINCE">
            <value>QC</value>
          </Data>
          <Data name="CODE_POSTAL">
            <value>J7N 2Y1</value>
          </Data>
          <Data name="TEL_RES">
            <value/>
          </Data>
          <Data name="CELLULAIRE">
            <value/>
          </Data>
          <Data name="TEL_BUR">
            <value>418 555-0111</value>
          </Data>
          <Data name="TELECOPIEUR">
            <value/>
          </Data>
          <Data name="COURRIEL">
            <value/>
          </Data>
          <Data name="Visit date">
            <value/>
          </Data>
          <Data name="Call date">
            <value/>
          </Data>
          <Data name="call result">
            <value/>
          </Data>
          <Data name="Language">
            <value/>
          </Data>
          <Data name="Latitude">
            <value>45.6541878</value>
          </Data>
          <Data name="Longitude">
            <value>-74.0927967</value>
          </Data>
        </ExtendedData>
      </Placemark>
      <Placemark>
        <name><![CDATA[Casse-croute D'en Haut]]></name>
        <address>490, Rue de Saint-Jovite Mont-Tremblant QC J8E 2Z9</address>
        <description><![CDATA[Contact person: <br>Contact number: <br>Notes: <br>designation: P1-010<br>Propriétaire: Casse-croute D'en Haut<br>APPEL: <br>PRENOM: <br>ADRESSE: 490, Rue de Saint-Jovite<br>MUNICIPALITE: Mont-Tremblant<br>PROVINCE: QC<br>CODE_POSTAL: J8E 2Z9<br>TEL_RES: <br>CELLULAIRE: <br>TEL_BUR: 418 555-0112<br>TELECOPIEUR: <br>COURRIEL: <br>Visit date: <br>Call date: <br>call result: <br>Language: <br>Latitude: 46.12<br>Longitude: -74.576]]></description>
        <styleUrl>#icon-1899-0288D1</styleUrl>
        <ExtendedData>
          <Data name="Contact person">
            <value/>
          </Data>
          <Data name="Contact number">
            <value/>
          </Data>
          <Data name="Notes">
            <value/>
          </Data>
          <Data name="designation">
            <value>P1-010</value>
          </Data>
          <Data name="Propriétaire">
            <value><![CDATA[Casse-croute D'en Haut]]></value>
          </Data>
          <Data name="APPEL">
            <value/>
          </Data>
          <Data name="PRENOM">
            <value/>
          </Data>
          <Data name="ADRESSE">
            <value>490, Rue de Saint-Jovite</value>
          </Data>
          <Data name="MUNICIPALITE">
            <value>Mont-Tremblant</value>
          </Data>
          <Data name="PROVINCE">
            <value>QC</value>
          </Data>
          <Data name="CODE_POSTAL">
            <value>J8E 2Z9</value>
          </Data>
          <Data name="TEL_RES">
            <value/>
          </Data>
          <Data name="CELLULAIRE">
            <value/>
          </Data>
          <Data name="TEL_BUR">
            <value>418 555-0112</value>
          </Data>
          <Data name="TELECOPIEUR">
            <value/>
          </Data>
          <Data name="COURRIEL">
            <value/>
          </Data>
          <Data name="Visit date">
            <value/>
          </Data>
          <Data name="Call date">
            <value/>
          </Data>
          <Data name="call result">
            <value/>
          </Data>
          <Data name="Language">
            <value/>
          </Data>
          <Data name="Latitude">
            <value>46.1196175</value>
          </Data>
          <Data name="Longitude">
            <value>-74.5762719</value>
          </Data>
        </ExtendedData>
      </Placemark>
      <Placemark>
        <name>Le Snack Shack</name>
        <address>9, Route du Lac-Rond Sud Montcalm QC</address>
        <description><![CDATA[Contact person: <br>Contact number: <br>Notes: <br>designation: P1-011<br>Propriétaire: Le Snack Shack<br>APPEL: <br>PRENOM: <br>ADRESSE: 9, Route du Lac-Rond Sud<br>MUNICIPALITE: Montcalm<br>PROVINCE: QC<br>CODE_POSTAL: <br>TEL_RES: <br>CELLULAIRE: <br>TEL_BUR: 418 555-0113<br>TELECOPIEUR: <br>COURRIEL: <br>Visit date: <br>Call date: <br>call result: <br>Language: <br>Latitude: 45.941<br>Longitude: -74.548]]></description>
        <styleUrl>#icon-1899-0288D1</styleUrl>
        <ExtendedData>
          <Data name="Contact person">
            <value/>
          </Data>
          <Data name="Contact number">
            <value/>
          </Data>
          <Data name="Notes">
            <value/>
          </Data>
          <Data name="designation">
            <value>P1-011</value>
          </Data>
          <Data name="Propriétaire">
            <value>Le Snack Shack</value>
          </Data>
          <Data name="APPEL">
            <value/>
          </Data>
          <Data name="PRENOM">
            <value/>
          </Data>
          <Data name="ADRESSE">
            <value>9, Route du Lac-Rond Sud</value>
          </Data>
          <Data name="MUNICIPALITE">
            <value>Montcalm</value>
          </Data>
          <Data name="PROVINCE">
            <value>QC</value>
          </Data>
          <Data name="CODE_POSTAL">
            <value/>
          </Data>
          <Data name="TEL_RES">
            <value/>
          </Data>
          <Data name="CELLULAIRE">
            <value/>
          </Data>
          <Data name="TEL_BUR">
            <value>418 555-0113</value>
          </Data>
          <Data name="TELECOPIEUR">
            <value/>
          </Data>
          <Data name="COURRIEL">
            <value/>
          </Data>
          <Data name="Visit date">
            <value/>
          </Data>
          <Data name="Call date">
            <value/>
          </Data>
          <Data name="call result">
            <value/>
          </Data>
          <Data name="Language">
            <value/>
          </Data>
          <Data name="Latitude">
            <value>45.9406049</value>
          </Data>
          <Data name="Longitude">
            <value>-74.5476588</value>
          </Data>
        </ExtendedData>
      </Placemark>
      <Placemark>
        <name>La Belle Anne casse-croûte mets antillais</name>
        <address>9135, Boulevard Saint-Michel Montréal QC</address>
        <description><![CDATA[Contact person: <br>Contact number: <br>Notes: <br>designation: P1-012<br>Propriétaire: La Belle Anne casse-croûte mets antillais<br>APPEL: <br>PRENOM: <br>ADRESSE: 9135, Boulevard Saint-Michel<br>MUNICIPALITE: Montréal<br>PROVINCE: QC<br>CODE_POSTAL: <br>TEL_RES: <br>CELLULAIRE: <br>TEL_BUR: 418 555-0114<br>TELECOPIEUR: <br>COURRIEL: <br>Visit date: <br>Call date: <br>call result: <br>Language: <br>Latitude: 45.572<br>Longitude: -73.629]]></description>
        <styleUrl>#icon-1899-0288D1</styleUrl>
        <ExtendedData>
          <Data name="Contact person">
            <value/>
          </Data>
          <Data name="Contact number">
            <value/>
          </Data>
          <Data name="Notes">
            <value/>
          </Data>
          <Data name="designation">
            <value>P1-012</value>
          </Data>
          <Data name="Propriétaire">
            <value>La Belle Anne casse-croûte mets antillais</value>
          </Data>
          <Data name="APPEL">
            <value/>
          </Data>
          <Data name="PRENOM">
            <value/>
          </Data>
          <Data name="ADRESSE">
            <value>9135, Boulevard Saint-Michel</value>
          </Data>
          <Data name="MUNICIPALITE">
            <value>Montréal</value>
          </Data>
          <Data name="PROVINCE">
            <value>QC</value>
          </Data>
          <Data name="CODE_POSTAL">
            <value/>
          </Data>
          <Data name="TEL_RES">
            <value/>
          </Data>
          <Data name="CELLULAIRE">
            <value/>
          </Data>
          <Data name="TEL_BUR">
            <value>418 555-0114</value>
          </Data>
          <Data name="TELECOPIEUR">
            <value/>
          </Data>
          <Data name="COURRIEL">
            <value/>
          </Data>
          <Data name="Visit date">
            <value/>
          </Data>
          <Data name="Call date">
            <value/>
          </Data>
          <Data name="call result">
            <value/>
          </Data>
          <Data name="Language">
            <value/>
          </Data>
          <Data name="Latitude">
            <value>45.5724557</value>
          </Data>
          <Data name="Longitude">
            <value>-73.6286916</value>
          </Data>
        </ExtendedData>
      </Placemark>
      <Placemark>
        <name>Cric Crac Casse croûte antillais</name>
        <address>9185, Boulevard Saint-Michel Montréal QC</address>
        <description><![CDATA[Contact person: <br>Contact number: <br>Notes: Fermé le lundi<br>designation: P1-013<br>Propriétaire: Cric Crac Casse croûte antillais<br>APPEL: <br>PRENOM: <br>ADRESSE: 9185, Boulevard Saint-Michel<br>MUNICIPALITE: Montréal<br>PROVINCE: QC<br>CODE_POSTAL: <br>TEL_RES: <br>CELLULAIRE: <br>TEL_BUR: 418 555-0115<br>TELECOPIEUR: <br>COURRIEL: <br>Visit date: <br>Call date: <br>call result: <br>Language: <br>Latitude: 45.573<br>Longitude: -73.63]]></description>
        <styleUrl>#icon-1899-0288D1</styleUrl>
        <ExtendedData>
          <Data name="Contact person">
            <value/>
          </Data>
          <Data name="Contact number">
            <value/>
          </Data>
          <Data name="Notes">
            <value>Fermé le lundi</value>
          </Data>
          <Data name="designation">
            <value>P1-013</value>
          </Data>
          <Data name="Propriétaire">
            <value>Cric Crac Casse croûte antillais</value>
          </Data>
          <Data name="APPEL">
            <value/>
          </Data>
          <Data name="PRENOM">
            <value/>
          </Data>
          <Data name="ADRESSE">
            <value>9185, Boulevard Saint-Michel</value>
          </Data>
          <Data name="MUNICIPALITE">
            <value>Montréal</value>
          </Data>
          <Data name="PROVINCE">
            <value>QC</value>
          </Data>
          <Data name="CODE_POSTAL">
            <value/>
          </Data>
          <Data name="TEL_RES">
            <value/>
          </Data>
          <Data name="CELLULAIRE">
            <value/>
          </Data>
          <Data name="TEL_BUR">
            <value>418 555-0115</value>
          </Data>
          <Data name="TELECOPIEUR">
            <value/>
          </Data>
          <Data name="COURRIEL">
            <value/>
          </Data>
          <Data name="Visit date">
            <value/>
          </Data>
          <Data name="Call date">
            <value/>
          </Data>
          <Data name="call result">
            <value/>
          </Data>
          <Data name="Language">
            <value/>
          </Data>
          <Data name="Latitude">
            <value>45.5728465</value>
          </Data>
          <Data name="Longitude">
            <value>-73.6295646</value>
          </Data>
        </ExtendedData>
      </Placemark>
      <Placemark>
        <name>Chez Milie Casse-Croûte</name>
        <address>3183, Rue Jarry Est Montréal QC H1Z 2E1</address>
        <description><![CDATA[Contact person: <br>Contact number: <br>Notes: <br>designation: P1-013<br>Propriétaire: Chez Milie Casse-Croûte<br>APPEL: <br>PRENOM: <br>ADRESSE: 3183, Rue Jarry Est<br>MUNICIPALITE: Montréal<br>PROVINCE: QC<br>CODE_POSTAL: H1Z 2E1<br>TEL_RES: <br>CELLULAIRE: <br>TEL_BUR: 418 555-0116<br>TELECOPIEUR: <br>COURRIEL: <br>Visit date: <br>Call date: <br>call result: <br>Language: <br>Latitude: 45.563<br>Longitude: -73.61]]></description>
        <styleUrl>#icon-1899-0288D1</styleUrl>
        <ExtendedData>
          <Data name="Contact person">
            <value/>
          </Data>
          <Data name="Contact number">
            <value/>
          </Data>
          <Data name="Notes">
            <value/>
          </Data>
          <Data name="designation">
            <value>P1-013</value>
          </Data>
          <Data name="Propriétaire">
            <value>Chez Milie Casse-Croûte</value>
          </Data>
          <Data name="APPEL">
            <value/>
          </Data>
          <Data name="PRENOM">
            <value/>
          </Data>
          <Data name="ADRESSE">
            <value>3183, Rue Jarry Est</value>
          </Data>
          <Data name="MUNICIPALITE">
            <value>Montréal</value>
          </Data>
          <Data name="PROVINCE">
            <value>QC</value>
          </Data>
          <Data name="CODE_POSTAL">
            <value>H1Z 2E1</value>
          </Data>
          <Data name="TEL_RES">
            <value/>
          </Data>
          <Data name="CELLULAIRE">
            <value/>
          </Data>
          <Data name="TEL_BUR">
            <value>418 555-0116</value>
          </Data>
          <Data name="TELECOPIEUR">
            <value/>
          </Data>
          <Data name="COURRIEL">
            <value/>
          </Data>
          <Data name="Visit date">
            <value/>
          </Data>
          <Data name="Call date">
            <value/>
          </Data>
          <Data name="call result">
            <value/>
          </Data>
          <Data name="Language">
            <value/>
          </Data>
          <Data name="Latitude">
            <value>45.5630886</value>
          </Data>
          <Data name="Longitude">
            <value>-73.6103763</value>
          </Data>
        </ExtendedData>
      </Placemark>
      <Placemark>
        <name>Casse-croûte mange dans mon hood</name>
        <address>1380, Rue Jean-Talon Est Montréal QC H2E 1S2</address>
        <description><![CDATA[Contact person: <br>Contact number: <br>Notes: <br>designation: P1-014<br>Propriétaire: Casse-croûte mange dans mon hood<br>APPEL: <br>PRENOM: <br>ADRESSE: 1380, Rue Jean-Talon Est<br>MUNICIPALITE: Montréal<br>PROVINCE: QC<br>CODE_POSTAL: H2E 1S2<br>TEL_RES: <br>CELLULAIRE: <br>TEL_BUR: 418 555-0117<br>TELECOPIEUR: <br>COURRIEL: <br>Visit date: <br>Call date: <br>call result: <br>Language: <br>Latitude: 45.546<br>Longitude: -73.609]]></description>
        <styleUrl>#icon-1899-0288D1</styleUrl>
        <ExtendedData>
          <Data name="Contact person">
            <value/>
          </Data>
          <Data name="Contact number">
            <value/>
          </Data>
          <Data name="Notes">
            <value/>
          </Data>
          <Data name="designation">
            <value>P1-014</value>
          </Data>
          <Data name="Propriétaire">
            <value>Casse-croûte mange dans mon hood</value>
          </Data>
          <Data name="APPEL">
            <value/>
          </Data>
          <Data name="PRENOM">
            <value/>
          </Data>
          <Data name="ADRESSE">
            <value>1380, Rue Jean-Talon Est</value>
          </Data>
          <Data name="MUNICIPALITE">
            <value>Montréal</value>
          </Data>
          <Data name="PROVINCE">
            <value>QC</value>
          </Data>
          <Data name="CODE_POSTAL">
            <value>H2E 1S2</value>
          </Data>
          <Data name="TEL_RES">
            <value/>
          </Data>
          <Data name="CELLULAIRE">
            <value/>
          </Data>
          <Data name="TEL_BUR">
            <value>418 555-0117</value>
          </Data>
          <Data name="TELECOPIEUR">
            <value/>
          </Data>
          <Data name="COURRIEL">
            <value/>
          </Data>
          <Data name="Visit date">
            <value/>
          </Data>
          <Data name="Call date">
            <value/>
          </Data>
          <Data name="call result">
            <value/>
          </Data>
          <Data name="Language">
            <value/>
          </Data>
          <Data name="Latitude">
            <value>45.5457204</value>
          </Data>
          <Data name="Longitude">
            <value>-73.6087549</value>
          </Data>
        </ExtendedData>
      </Placemark>
      <Placemark>
        <name>Cantine et Bar laitier Mickey</name>
        <address>506, Rue Saint-Jacques Napierville QC J0J 1L0</address>
        <description><![CDATA[Contact person: <br>Contact number: <br>Notes: <br>designation: P1-015<br>Propriétaire: Cantine et Bar laitier Mickey<br>APPEL: <br>PRENOM: <br>ADRESSE: 506, Rue Saint-Jacques<br>MUNICIPALITE: Napierville<br>PROVINCE: QC<br>CODE_POSTAL: J0J 1L0<br>TEL_RES: <br>CELLULAIRE: <br>TEL_BUR: 418 555-0118<br>TELECOPIEUR: <br>COURRIEL: <br>Visit date: <br>Call date: <br>call result: <br>Language: <br>Latitude: 45.192<br>Longitude: -73.409]]></description>
        <styleUrl>#icon-1899-0288D1</styleUrl>
        <ExtendedData>
          <Data name="Contact person">
            <value/>
          </Data>
          <Data name="Contact number">
            <value/>
          </Data>
          <Data name="Notes">
            <value/>
          </Data>
          <Data name="designation">
            <value>P1-015</value>
          </Data>
          <Data name="Propriétaire">
            <value>Cantine et Bar laitier Mickey</value>
          </Data>
          <Data name="APPEL">
            <value/>
          </Data>
          <Data name="PRENOM">
            <value/>
          </Data>
          <Data name="ADRESSE">
            <value>506, Rue Saint-Jacques</value>
          </Data>
          <Data name="MUNICIPALITE">
            <value>Napierville</value>
          </Data>
          <Data name="PROVINCE">
            <value>QC</value>
          </Data>
          <Data name="CODE_POSTAL">
            <value>J0J 1L0</value>
          </Data>
          <Data name="TEL_RES">
            <value/>
          </Data>
          <Data name="CELLULAIRE">
            <value/>
          </Data>
          <Data name="TEL_BUR">
            <value>418 555-0118</value>
          </Data>
          <Data name="TELECOPIEUR">
            <value/>
          </Data>
          <Data name="COURRIEL">
            <value/>
          </Data>
          <Data name="Visit date">
            <value/>
          </Data>
          <Data name="Call date">
            <value/>
          </Data>
          <Data name="call result">
            <value/>
          </Data>
          <Data name="Language">
            <value/>
          </Data>
          <Data name="Latitude">
            <value>45.191588</value>
          </Data>
          <Data name="Longitude">
            <value>-73.408928</value>
          </Data>
        </ExtendedData>
      </Placemark>
      <Placemark>
        <name><![CDATA[Casse-croûte l'express du fleuve]]></name>
        <address>598, Route 138 Neuville QC G0A 2R0</address>
        <description><![CDATA[Contact person: <br>Contact number: <br>Notes: <br>designation: P1-016<br>Propriétaire: Casse-croûte l'express du fleuve<br>APPEL: <br>PRENOM: <br>ADRESSE: 598, Route 138<br>MUNICIPALITE: Neuville<br>PROVINCE: QC<br>CODE_POSTAL: G0A 2R0<br>TEL_RES: <br>CELLULAIRE: <br>TEL_BUR: 418 555-0119<br>TELECOPIEUR: <br>COURRIEL: <br>Visit date: <br>Call date: <br>call result: <br>Language: <br>Latitude: 46.699<br>Longitude: -71.576]]></description>
        <styleUrl>#icon-1899-0288D1</styleUrl>
        <ExtendedData>
          <Data name="Contact person">
            <value/>
          </Data>
          <Data name="Contact number">
            <value/>
          </Data>
          <Data name="Notes">
            <value/>
          </Data>
          <Data name="designation">
            <value>P1-016</value>
          </Data>
          <Data name="Propriétaire">
            <value><![CDATA[Casse-croûte l'express du fleuve]]></value>
          </Data>
          <Data name="APPEL">
            <value/>
          </Data>
          <Data name="PRENOM">
            <value/>
          </Data>
          <Data name="ADRESSE">
            <value>598, Route 138</value>
          </Data>
          <Data name="MUNICIPALITE">
            <value>Neuville</value>
          </Data>
          <Data name="PROVINCE">
            <value>QC</value>
          </Data>
          <Data name="CODE_POSTAL">
            <value>G0A 2R0</value>
          </Data>
          <Data name="TEL_RES">
            <value/>
          </Data>
          <Data name="CELLULAIRE">
            <value/>
          </Data>
          <Data name="TEL_BUR">
            <value>418 555-0119</value>
          </Data>
          <Data name="TELECOPIEUR">
            <value/>
          </Data>
          <Data name="COURRIEL">
            <value/>
          </Data>
          <Data name="Visit date">
            <value/>
          </Data>
          <Data name="Call date">
            <value/>
          </Data>
          <Data name="call result">
            <value/>
          </Data>
          <Data name="Language">
            <value/>
          </Data>
          <Data name="Latitude">
            <value>46.6986397</value>
          </Data>
          <Data name="Longitude">
            <value>-71.5761301</value>
          </Data>
        </ExtendedData>
      </Placemark>
      <Placemark>
        <name><![CDATA[Casse-croûte l'express du fleuve]]></name>
        <address>598, Route 138 Neuville QC G0A 2R0</address>
        <description><![CDATA[Contact person: <br>Contact number: <br>Notes: <br>designation: P1-017<br>Propriétaire: Casse-croûte l'express du fleuve<br>APPEL: <br>PRENOM: <br>ADRESSE: 598, Route 138<br>MUNICIPALITE: Neuville<br>PROVINCE: QC<br>CODE_POSTAL: G0A 2R0<br>TEL_RES: <br>CELLULAIRE: <br>TEL_BUR: 418 555-0120<br>TELECOPIEUR: <br>COURRIEL: <br>Visit date: <br>Call date: <br>call result: <br>Language: <br>Latitude: 46.699<br>Longitude: -71.576]]></description>
        <styleUrl>#icon-1899-0288D1</styleUrl>
        <ExtendedData>
          <Data name="Contact person">
            <value/>
          </Data>
          <Data name="Contact number">
            <value/>
          </Data>
          <Data name="Notes">
            <value/>
          </Data>
          <Data name="designation">
            <value>P1-017</value>
          </Data>
          <Data name="Propriétaire">
            <value><![CDATA[Casse-croûte l'express du fleuve]]></value>
          </Data>
          <Data name="APPEL">
            <value/>
          </Data>
          <Data name="PRENOM">
            <value/>
          </Data>
          <Data name="ADRESSE">
            <value>598, Route 138</value>
          </Data>
          <Data name="MUNICIPALITE">
            <value>Neuville</value>
          </Data>
          <Data name="PROVINCE">
            <value>QC</value>
          </Data>
          <Data name="CODE_POSTAL">
            <value>G0A 2R0</value>
          </Data>
          <Data name="TEL_RES">
            <value/>
          </Data>
          <Data name="CELLULAIRE">
            <value/>
          </Data>
          <Data name="TEL_BUR">
            <value>418 555-0120</value>
          </Data>
          <Data name="TELECOPIEUR">
            <value/>
          </Data>
          <Data name="COURRIEL">
            <value/>
          </Data>
          <Data name="Visit date">
            <value/>
          </Data>
          <Data name="Call date">
            <value/>
          </Data>
          <Data name="call result">
            <value/>
          </Data>
          <Data name="Language">
            <value/>
          </Data>
          <Data name="Latitude">
            <value>46.6986397</value>
          </Data>
          <Data name="Longitude">
            <value>-71.5761301</value>
          </Data>
        </ExtendedData>
      </Placemark>
      <Placemark>
        <name>Casse-Croûte 75</name>
        <address>4580, Route des Vétérans Notre-Dame-du-Mont-Carmel QC G0X 3J0</address>
        <description><![CDATA[Contact person: <br>Contact number: <br>Notes: <br>designation: P1-018<br>Propriétaire: Casse-Croûte 75<br>APPEL: <br>PRENOM: <br>ADRESSE: 4580, Route des Vétérans<br>MUNICIPALITE: Notre-Dame-du-Mont-Carmel<br>PROVINCE: QC<br>CODE_POSTAL: G0X 3J0<br>TEL_RES: <br>CELLULAIRE: <br>TEL_BUR: 418 555-0121<br>TELECOPIEUR: <br>COURRIEL: <br>Visit date: <br>Call date: <br>call result: <br>Language: <br>Latitude: 46.483<br>Longitude: -72.705]]></description>
        <styleUrl>#icon-1899-0288D1</styleUrl>
        <ExtendedData>
          <Data name="Contact person">
            <value/>
          </Data>
          <Data name="Contact number">
            <value/>
          </Data>
          <Data name="Notes">
            <value/>
          </Data>
          <Data name="designation">
            <value>P1-018</value>
          </Data>
          <Data name="Propriétaire">
            <value>Casse-Croûte 75</value>
          </Data>
          <Data name="APPEL">
            <value/>
          </Data>
          <Data name="PRENOM">
            <value/>
          </Data>
          <Data name="ADRESSE">
            <value>4580, Route des Vétérans</value>
          </Data>
          <Data name="MUNICIPALITE">
            <value>Notre-Dame-du-Mont-Carmel</value>
          </Data>
          <Data name="PROVINCE">
            <value>QC</value>
          </Data>
          <Data name="CODE_POSTAL">
            <value>G0X 3J0</value>
          </Data>
          <Data name="TEL_RES">
            <value/>
          </Data>
          <Data name="CELLULAIRE">
            <value/>
          </Data>
          <Data name="TEL_BUR">
            <value>418 555-0121</value>
          </Data>
          <Data name="TELECOPIEUR">
            <value/>
          </Data>
          <Data name="COURRIEL">
            <value/>
          </Data>
          <Data name="Visit date">
            <value/>
          </Data>
          <Data name="Call date">
            <value/>
          </Data>
          <Data name="call result">
            <value/>
          </Data>
          <Data name="Language">
            <value/>
          </Data>
          <Data name="Latitude">
            <value>46.4834792</value>
          </Data>
          <Data name="Longitude">
            <value>-72.7048982</value>
          </Data>
        </ExtendedData>
      </Placemark>
      <Placemark>
        <name>Casse-Croute Arc-en-Ciel</name>
        <address>765, Boulevard des Laurentides Piedmont QC</address>
        <description><![CDATA[Contact person: <br>Contact number: <br>Notes: <br>designation: P1-019<br>Propriétaire: Casse-Croute Arc-en-Ciel<br>APPEL: <br>PRENOM: <br>ADRESSE: 765, Boulevard des Laurentides<br>MUNICIPALITE: Piedmont<br>PROVINCE: QC<br>CODE_POSTAL: <br>TEL_RES: <br>CELLULAIRE: <br>TEL_BUR: 418 555-0122<br>TELECOPIEUR: <br>COURRIEL: <br>Visit date: <br>Call date: <br>call result: <br>Language: <br>Latitude: 45.904<br>Longitude: -74.138]]></description>
        <styleUrl>#icon-1899-0288D1</styleUrl>
        <ExtendedData>
          <Data name="Contact person">
            <value/>
          </Data>
          <Data name="Contact number">
            <value/>
          </Data>
          <Data name="Notes">
            <value/>
          </Data>
          <Data name="designation">
            <value>P1-019</value>
          </Data>
          <Data name="Propriétaire">
            <value>Casse-Croute Arc-en-Ciel</value>
          </Data>
          <Data name="APPEL">
            <value/>
          </Data>
          <Data name="PRENOM">
            <value/>
          </Data>
          <Data name="ADRESSE">
            <value>765, Boulevard des Laurentides</value>
          </Data>
          <Data name="MUNICIPALITE">
            <value>Piedmont</value>
          </Data>
          <Data name="PROVINCE">
            <value>QC</value>
          </Data>
          <Data name="CODE_POSTAL">
            <value/>
          </Data>
          <Data name="TEL_RES">
            <value/>
          </Data>
          <Data name="CELLULAIRE">
            <value/>
          </Data>
          <Data name="TEL_BUR">
            <value>418 555-0122</value>
          </Data>
          <Data name="TELECOPIEUR">
            <value/>
          </Data>
          <Data name="COURRIEL">
            <value/>
          </Data>
          <Data name="Visit date">
            <value/>
          </Data>
          <Data name="Call date">
            <value/>
          </Data>
          <Data name="call result">
            <value/>
          </Data>
          <Data name="Language">
            <value/>
          </Data>
          <Data name="Latitude">
            <value>45.9040379</value>
          </Data>
          <Data name="Longitude">
            <value>-74.1376414</value>
          </Data>
        </ExtendedData>
      </Placemark>
      <Placemark>
        <name>Casse-Croûte Chez Mamie Yoyo</name>
        <address>125, Boulevard Inter-Provincial Pointe-à-la-Croix QC</address>
        <description><![CDATA[Contact person: <br>Contact number: <br>Notes: <br>designation: P1-020<br>Propriétaire: Casse-Croûte Chez Mamie Yoyo<br>APPEL: <br>PRENOM: <br>ADRESSE: 125, Boulevard Inter-Provincial<br>MUNICIPALITE: Pointe-à-la-Croix<br>PROVINCE: QC<br>CODE_POSTAL: <br>TEL_RES: <br>CELLULAIRE: <br>TEL_BUR: 418 555-0123<br>TELECOPIEUR: <br>COURRIEL: <br>Visit date: <br>Call date: <br>call result: <br>Language: <br>Latitude: 48.026<br>Longitude: -66.7]]></description>
        <styleUrl>#icon-1899-0288D1</styleUrl>
        <ExtendedData>
          <Data name="Contact person">
            <value/>
          </Data>
          <Data name="Contact number">
            <value/>
          </Data>
          <Data name="Notes">
            <value/>
          </Data>
          <Data name="designation">
            <value>P1-020</value>
          </Data>
          <Data name="Propriétaire">
            <value>Casse-Croûte Chez Mamie Yoyo</value>
          </Data>
          <Data name="APPEL">
            <value/>
          </Data>
          <Data name="PRENOM">
            <value/>
          </Data>
          <Data name="ADRESSE">
            <value>125, Boulevard Inter-Provincial</value>
          </Data>
          <Data name="MUNICIPALITE">
            <value>Pointe-à-la-Croix</value>
          </Data>
          <Data name="PROVINCE">
            <value>QC</value>
          </Data>
          <Data name="CODE_POSTAL">
            <value/>
          </Data>
          <Data name="TEL_RES">
            <value/>
          </Data>
          <Data name="CELLULAIRE">
            <value/>
          </Data>
          <Data name="TEL_BUR">
            <value>418 555-0123</value>
          </Data>
          <Data name="TELECOPIEUR">
            <value/>
          </Data>
          <Data name="COURRIEL">
            <value/>
          </Data>
          <Data name="Visit date">
            <value/>
          </Data>
          <Data name="Call date">
            <value/>
          </Data>
          <Data name="call result">
            <value/>
          </Data>
          <Data name="Language">
            <value/>
          </Data>
          <Data name="Latitude">
            <value>48.0264944</value>
          </Data>
          <Data name="Longitude">
            <value>-66.6997921</value>
          </Data>
        </ExtendedData>
      </Placemark>
      <Placemark>
        <name>Casse-croûte Pierrot</name>
        <address>1996, 1re Avenue Québec QC G1L3M2</address>
        <description><![CDATA[Contact person: <br>Contact number: <br>Notes: <br>designation: P1-021<br>Propriétaire: Casse-croûte Pierrot<br>APPEL: <br>PRENOM: <br>ADRESSE: 1996, 1re Avenue<br>MUNICIPALITE: Québec<br>PROVINCE: QC<br>CODE_POSTAL: G1L3M2<br>TEL_RES: <br>CELLULAIRE: <br>TEL_BUR: 418 555-0124<br>TELECOPIEUR: <br>COURRIEL: <br>Visit date: <br>Call date: <br>call result: <br>Language: <br>Latitude: 46.831<br>Longitude: -71.239]]></description>
        <styleUrl>#icon-1899-0288D1</styleUrl>
        <ExtendedData>
          <Data name="Contact person">
            <value/>
          </Data>
          <Data name="Contact number">
            <value/>
          </Data>
          <Data name="Notes">
            <value/>
          </Data>
          <Data name="designation">
            <value>P1-021</value>
          </Data>
          <Data name="Propriétaire">
            <value>Casse-croûte Pierrot</value>
          </Data>
          <Data name="APPEL">
            <value/>
          </Data>
          <Data name="PRENOM">
            <value/>
          </Data>
          <Data name="ADRESSE">
            <value>1996, 1re Avenue</value>
          </Data>
          <Data name="MUNICIPALITE">
            <value>Québec</value>
          </Data>
          <Data name="PROVINCE">
            <value>QC</value>
          </Data>
          <Data name="CODE_POSTAL">
            <value>G1L3M2</value>
          </Data>
          <Data name="TEL_RES">
            <value/>
          </Data>
          <Data name="CELLULAIRE">
            <value/>
          </Data>
          <Data name="TEL_BUR">
            <value>418 555-0124</value>
          </Data>
          <Data name="TELECOPIEUR">
            <value/>
          </Data>
          <Data name="COURRIEL">
            <value/>
          </Data>
          <Data name="Visit date">
            <value/>
          </Data>
          <Data name="Call date">
            <value/>
          </Data>
          <Data name="call result">
            <value/>
          </Data>
          <Data name="Language">
            <value/>
          </Data>
          <Data name="Latitude">
            <value>46.8312107</value>
          </Data>
          <Data name="Longitude">
            <value>-71.2387368</value>
          </Data>
        </ExtendedData>
      </Placemark>
      <Placemark>
        <name>Casse-croûte La Dégustation</name>
        <address>4585, 3e Avenue Ouest Québec QC G1H 6E6</address>
        <description><![CDATA[Contact person: <br>Contact number: <br>Notes: Entrée par la ruelle<br>designation: P1-021<br>Propriétaire: Casse-croûte La Dégustation<br>APPEL: <br>PRENOM: <br>ADRESSE: 4585, 3e Avenue Ouest<br>MUNICIPALITE: Québec<br>PROVINCE: QC<br>CODE_POSTAL: G1H 6E6<br>TEL_RES: <br>CELLULAIRE: <br>TEL_BUR: 418 555-0125<br>TELECOPIEUR: <br>COURRIEL: <br>Visit date: <br>Call date: <br>call result: <br>Language: <br>Latitude: 46.843<br>Longitude: -71.255]]></description>
        <styleUrl>#icon-1899-0288D1</styleUrl>
        <ExtendedData>
          <Data name="Contact person">
            <value/>
          </Data>
          <Data name="Contact number">
            <value/>
          </Data>
          <Data name="Notes">
            <value>Entrée par la ruelle</value>
          </Data>
          <Data name="designation">
            <value>P1-021</value>
          </Data>
          <Data name="Propriétaire">
            <value>Casse-croûte La Dégustation</value>
          </Data>
          <Data name="APPEL">
            <value/>
          </Data>
          <Data name="PRENOM">
            <value/>
          </Data>
          <Data name="ADRESSE">
            <value>4585, 3e Avenue Ouest</value>
          </Data>
          <Data name="MUNICIPALITE">
            <value>Québec</value>
          </Data>
          <Data name="PROVINCE">
            <value>QC</value>
          </Data>
          <Data name="CODE_POSTAL">
            <value>G1H 6E6</value>
          </Data>
          <Data name="TEL_RES">
            <value/>
          </Data>
          <Data name="CELLULAIRE">
            <value/>
          </Data>
          <Data name="TEL_BUR">
            <value>418 555-0125</value>
          </Data>
          <Data name="TELECOPIEUR">
            <value/>
          </Data>
          <Data name="COURRIEL">
            <value/>
          </Data>
          <Data name="Visit date">
            <value/>
          </Data>
          <Data name="Call date">
            <value/>
          </Data>
          <Data name="call result">
            <value/>
          </Data>
          <Data name="Language">
            <value/>
          </Data>
          <Data name="Latitude">
            <value>46.8425947</value>
          </Data>
          <Data name="Longitude">
            <value>-71.2553532</value>
          </Data>
        </ExtendedData>
      </Placemark>
      <Placemark>
        <name><![CDATA[Casse-croûte L'Authentique]]></name>
        <address>1247, Avenue du Lac-Saint-Charles Québec QC G2C 1C2</address>
        <description><![CDATA[Contact person: <br>Contact number: <br>Notes: <br>designation: P1-022<br>Propriétaire: Casse-croûte L'Authentique<br>APPEL: <br>PRENOM: <br>ADRESSE: 1247, Avenue du Lac-Saint-Charles<br>MUNICIPALITE: Québec<br>PROVINCE: QC<br>CODE_POSTAL: G2C 1C2<br>TEL_RES: <br>CELLULAIRE: <br>TEL_BUR: 418 555-0126<br>TELECOPIEUR: <br>COURRIEL: <br>Visit date: <br>Call date: <br>call result: <br>Language: <br>Latitude: 46.901<br>Longitude: -71.37]]></description>
        <styleUrl>#icon-1899-0288D1</styleUrl>
        <ExtendedData>
          <Data name="Contact person">
            <value/>
          </Data>
          <Data name="Contact number">
            <value/>
          </Data>
          <Data name="Notes">
            <value/>
          </Data>
          <Data name="designation">
            <value>P1-022</value>
          </Data>
          <Data name="Propriétaire">
            <value><![CDATA[Casse-croûte L'Authentique]]></value>
          </Data>
          <Data name="APPEL">
            <value/>
          </Data>
          <Data name="PRENOM">
            <value/>
          </Data>
          <Data name="ADRESSE">
            <value>1247, Avenue du Lac-Saint-Charles</value>
          </Data>
          <Data name="MUNICIPALITE">
            <value>Québec</value>
          </Data>
          <Data name="PROVINCE">
            <value>QC</value>
          </Data>
          <Data name="CODE_POSTAL">
            <value>G2C 1C2</value>
          </Data>
          <Data name="TEL_RES">
            <value/>
          </Data>
          <Data name="CELLULAIRE">
            <value/>
          </Data>
          <Data name="TEL_BUR">
            <value>418 555-0126</value>
          </Data>
          <Data name="TELECOPIEUR">
            <value/>
          </Data>
          <Data name="COURRIEL">
            <value/>
          </Data>
          <Data name="Visit date">
            <value/>
          </Data>
          <Data name="Call date">
            <value/>
          </Data>
          <Data name="call result">
            <value/>
          </Data>
          <Data name="Language">
            <value/>
          </Data>
          <Data name="Latitude">
            <value>46.900937</value>
          </Data>
          <Data name="Longitude">
            <value>-71.3699588</value>
          </Data>
        </ExtendedData>
      </Placemark>
      <Placemark>
        <name>Véloasis (Bar Laitier et Casse-Croûte)</name>
        <address>2140, Boulevard Montmorency Québec QC</address>
        <description><![CDATA[Contact person: <br>Contact number: <br>Notes: <br>designation: P1-022<br>Propriétaire: Véloasis (Bar Laitier et Casse-Croûte)<br>APPEL: <br>PRENOM: <br>ADRESSE: 2140, Boulevard Montmorency<br>MUNICIPALITE: Québec<br>PROVINCE: QC<br>CODE_POSTAL: <br>TEL_RES: <br>CELLULAIRE: <br>TEL_BUR: 418 555-0127<br>TELECOPIEUR: <br>COURRIEL: <br>Visit date: <br>Call date: <br>call result: <br>Language: <br>Latitude: 46.838<br>Longitude: -71.215]]></description>
        <styleUrl>#icon-1899-0288D1</styleUrl>
        <ExtendedData>
          <Data name="Contact person">
            <value/>
          </Data>
          <Data name="Contact number">
            <value/>
          </Data>
          <Data name="Notes">
            <value/>
          </Data>
          <Data name="designation">
            <value>P1-022</value>
          </Data>
          <Data name="Propriétaire">
            <value>Véloasis (Bar Laitier et Casse-Croûte)</value>
          </Data>
          <Data name="APPEL">
            <value/>
          </Data>
          <Data name="PRENOM">
            <value/>
          </Data>
          <Data name="ADRESSE">
            <value>2140, Boulevard Montmorency</value>
          </Data>
          <Data name="MUNICIPALITE">
            <value>Québec</value>
          </Data>
          <Data name="PROVINCE">
            <value>QC</value>
          </Data>
          <Data name="CODE_POSTAL">
            <value/>
          </Data>
          <Data name="TEL_RES">
            <value/>
          </Data>
          <Data name="CELLULAIRE">
            <value/>
          </Data>
          <Data name="TEL_BUR">
            <value>418 555-0127</value>
          </Data>
          <Data name="TELECOPIEUR">
            <value/>
          </Data>
          <Data name="COURRIEL">
            <value/>
          </Data>
          <Data name="Visit date">
            <value/>
          </Data>
          <Data name="Call date">
            <value/>
          </Data>
          <Data name="call result">
            <value/>
          </Data>
          <Data name="Language">
            <value/>
          </Data>
          <Data name="Latitude">
            <value>46.8377325</value>
          </Data>
          <Data name="Longitude">
            <value>-71.2150683</value>
          </Data>
        </ExtendedData>
      </Placemark>
      <Placemark>
        <name>Casse-Croûte Chez Gaston</name>
        <address>332, Rue Dorchester Québec QC G1K 6A2</address>
        <description><![CDATA[Contact person: <br>Contact number: <br>Notes: <br>designation: P1-023<br>Propriétaire: Casse-Croûte Chez Gaston<br>APPEL: <br>PRENOM: <br>ADRESSE: 332, Rue Dorchester<br>MUNICIPALITE: Québec<br>PROVINCE: QC<br>CODE_POSTAL: G1K 6A2<br>TEL_RES: <br>CELLULAIRE: <br>TEL_BUR: 418 555-0128<br>TELECOPIEUR: <br>COURRIEL: <br>Visit date: <br>Call date: <br>call result: <br>Language: <br>Latitude: 46.814<br>Longitude: -71.227]]></description>
        <styleUrl>#icon-1899-0288D1</styleUrl>
        <ExtendedData>
          <Data name="Contact person">
            <value/>
          </Data>
          <Data name="Contact number">
            <value/>
          </Data>
          <Data name="Notes">
            <value/>
          </Data>
          <Data name="designation">
            <value>P1-023</value>
          </Data>
          <Data name="Propriétaire">
            <value>Casse-Croûte Chez Gaston</value>
          </Data>
          <Data name="APPEL">
            <value/>
          </Data>
          <Data name="PRENOM">
            <value/>
          </Data>
          <Data name="ADRESSE">
            <value>332, Rue Dorchester</value>
          </Data>
          <Data name="MUNICIPALITE">
            <value>Québec</value>
          </Data>
          <Data name="PROVINCE">
            <value>QC</value>
          </Data>
          <Data name="CODE_POSTAL">
            <value>G1K 6A2</value>
          </Data>
          <Data name="TEL_RES">
            <value/>
          </Data>
          <Data name="CELLULAIRE">
            <value/>
          </Data>
          <Data name="TEL_BUR">
            <value>418 555-0128</value>
          </Data>
          <Data name="TELECOPIEUR">
            <value/>
          </Data>
          <Data name="COURRIEL">
            <value/>
          </Data>
          <Data name="Visit date">
            <value/>
          </Data>
          <Data name="Call date">
            <value/>
          </Data>
          <Data name="call result">
            <value/>
          </Data>
          <Data name="Language">
            <value/>
          </Data>
          <Data name="Latitude">
            <value>46.8143108</value>
          </Data>
          <Data name="Longitude">
            <value>-71.2274594</value>
          </Data>
        </ExtendedData>
      </Placemark>
      <Placemark>
        <name>Snack-bar St-Jean</name>
        <address>780, Rue Saint-Jean Québec QC G1R 1P9</address>
        <description><![CDATA[Contact person: <br>Contact number: <br>Notes: <br>designation: P1-023<br>Propriétaire: Snack-bar St-Jean<br>APPEL: <br>PRENOM: <br>ADRESSE: 780, Rue Saint-Jean<br>MUNICIPALITE: Québec<br>PROVINCE: QC<br>CODE_POSTAL: G1R 1P9<br>TEL_RES: <br>CELLULAIRE: <br>TEL_BUR: 418 555-0129<br>TELECOPIEUR: <br>COURRIEL: <br>Visit date: <br>Call date: <br>call result: <br>Language: <br>Latitude: 46.811<br>Longitude: -71.217]]></description>
        <styleUrl>#icon-1899-0288D1</styleUrl>
        <ExtendedData>
          <Data name="Contact person">
            <value/>
          </Data>
          <Data name="Contact number">
            <value/>
          </Data>
          <Data name="Notes">
            <value/>
          </Data>
          <Data name="designation">
            <value>P1-023</value>
          </Data>
          <Data name="Propriétaire">
            <value>Snack-bar St-Jean</value>
          </Data>
          <Data name="APPEL">
            <value/>
          </Data>
          <Data name="PRENOM">
            <value/>
          </Data>
          <Data name="ADRESSE">
            <value>780, Rue Saint-Jean</value>
          </Data>
          <Data name="MUNICIPALITE">
            <value>Québec</value>
          </Data>
          <Data name="PROVINCE">
            <value>QC</value>
          </Data>
          <Data name="CODE_POSTAL">
            <value>G1R 1P9</value>
          </Data>
          <Data name="TEL_RES">
            <value/>
          </Data>
          <Data name="CELLULAIRE">
            <value/>
          </Data>
          <Data name="TEL_BUR">
            <value>418 555-0129</value>
          </Data>
          <Data name="TELECOPIEUR">
            <value/>
          </Data>
          <Data name="COURRIEL">
            <value/>
          </Data>
          <Data name="Visit date">
            <value/>
          </Data>
          <Data name="Call date">
            <value/>
          </Data>
          <Data name="call result">
            <value/>
          </Data>
          <Data name="Language">
            <value/>
          </Data>
          <Data name="Latitude">
            <value>46.8112852</value>
          </Data>
          <Data name="Longitude">
            <value>-71.2174808</value>
          </Data>
        </ExtendedData>
      </Placemark>
      <Placemark>
        <name>Casse-Croute Girouette</name>
        <address>444, Rue Principale Racine QC</address>
        <description><![CDATA[Contact person: <br>Contact number: <br>Notes: <br>designation: P1-024<br>Propriétaire: Casse-Croute Girouette<br>APPEL: <br>PRENOM: <br>ADRESSE: 444, Rue Principale<br>MUNICIPALITE: Racine<br>PROVINCE: QC<br>CODE_POSTAL: <br>TEL_RES: <br>CELLULAIRE: <br>TEL_BUR: 418 555-0130<br>TELECOPIEUR: <br>COURRIEL: <br>Visit date: <br>Call date: <br>call result: <br>Language: <br>Latitude: 45.509<br>Longitude: -72.246]]></description>
        <styleUrl>#icon-1899-0288D1</styleUrl>
        <ExtendedData>
          <Data name="Contact person">
            <value/>
          </Data>
          <Data name="Contact number">
            <value/>
          </Data>
          <Data name="Notes">
            <value/>
          </Data>
          <Data name="designation">
            <value>P1-024</value>
          </Data>
          <Data name="Propriétaire">
            <value>Casse-Croute Girouette</value>
          </Data>
          <Data name="APPEL">
            <value/>
          </Data>
          <Data name="PRENOM">
            <value/>
          </Data>
          <Data name="ADRESSE">
            <value>444, Rue Principale</value>
          </Data>
          <Data name="MUNICIPALITE">
            <value>Racine</value>
          </Data>
          <Data name="PROVINCE">
            <value>QC</value>
          </Data>
          <Data name="CODE_POSTAL">
            <value/>
          </Data>
          <Data name="TEL_RES">
            <value/>
          </Data>
          <Data name="CELLULAIRE">
            <value/>
          </Data>
          <Data name="TEL_BUR">
            <value>418 555-0130</value>
          </Data>
          <Data name="TELECOPIEUR">
            <value/>
          </Data>
          <Data name="COURRIEL">
            <value/>
          </Data>
          <Data name="Visit date">
            <value/>
          </Data>
          <Data name="Call date">
            <value/>
          </Data>
          <Data name="call result">
            <value/>
          </Data>
          <Data name="Language">
            <value/>
          </Data>
          <Data name="Latitude">
            <value>45.5087283</value>
          </Data>
          <Data name="Longitude">
            <value>-72.2456415</value>
          </Data>
        </ExtendedData>
      </Placemark>
      <Placemark>
        <name>Casse-croûte 125</name>
        <address>6544, Route 125 Rawdon QC J0K 1S0</address>
        <description><![CDATA[Contact person: <br>Contact number: <br>Notes: <br>designation: P1-025<br>Propriétaire: Casse-croûte 125<br>APPEL: <br>PRENOM: <br>ADRESSE: 6544, Route 125<br>MUNICIPALITE: Rawdon<br>PROVINCE: QC<br>CODE_POSTAL: J0K 1S0<br>TEL_RES: <br>CELLULAIRE: <br>TEL_BUR: 418 555-0131<br>TELECOPIEUR: <br>COURRIEL: <br>Visit date: <br>Call date: <br>call result: <br>Language: <br>Latitude: 46.052<br>Longitude: -73.84]]></description>
        <styleUrl>#icon-1899-0288D1</styleUrl>
        <ExtendedData>
          <Data name="Contact person">
            <value/>
          </Data>
          <Data name="Contact number">
            <value/>
          </Data>
          <Data name="Notes">
            <value/>
          </Data>
          <Data name="designation">
            <value>P1-025</value>
          </Data>
          <Data name="Propriétaire">
            <value>Casse-croûte 125</value>
          </Data>
          <Data name="APPEL">
            <value/>
          </Data>
          <Data name="PRENOM">
            <value/>
          </Data>
          <Data name="ADRESSE">
            <value>6544, Route 125</value>
          </Data>
          <Data name="MUNICIPALITE">
            <value>Rawdon</value>
          </Data>
          <Data name="PROVINCE">
            <value>QC</value>
          </Data>
          <Data name="CODE_POSTAL">
            <value>J0K 1S0</value>
          </Data>
          <Data name="TEL_RES">
            <value/>
          </Data>
          <Data name="CELLULAIRE">
            <value/>
          </Data>
          <Data name="TEL_BUR">
            <value>418 555-0131</value>
          </Data>
          <Data name="TELECOPIEUR">
            <value/>
          </Data>
          <Data name="COURRIEL">
            <value/>
          </Data>
          <Data name="Visit date">
            <value/>
          </Data>
          <Data name="Call date">
            <value/>
          </Data>
          <Data name="call result">
            <value/>
          </Data>
          <Data name="Language">
            <value/>
          </Data>
          <Data name="Latitude">
            <value>46.0515528</value>
          </Data>
          <Data name="Longitude">
            <value>-73.839737</value>
          </Data>
        </ExtendedData>
      </Placemark>
      <Placemark>
        <name>Casse-Croûte du Mont Rigaud</name>
        <address>321, Chemin des Érables Rigaud QC</address>
        <description><![CDATA[Contact person: <br>Contact number: <br>Notes: <br>designation: P1-026<br>Propriétaire: Casse-Croûte du Mont Rigaud<br>APPEL: <br>PRENOM: <br>ADRESSE: 321, Chemin des Érables<br>MUNICIPALITE: Rigaud<br>PROVINCE: QC<br>CODE_POSTAL: <br>TEL_RES: <br>CELLULAIRE: <br>TEL_BUR: 418 555-0132<br>TELECOPIEUR: <br>COURRIEL: <br>Visit date: <br>Call date: <br>call result: <br>Language: <br>Latitude: 45.468<br>Longitude: -74.339]]></description>
        <styleUrl>#icon-1899-0288D1</styleUrl>
        <ExtendedData>
          <Data name="Contact person">
            <value/>
          </Data>
          <Data name="Contact number">
            <value/>
          </Data>
          <Data name="Notes">
            <value/>
          </Data>
          <Data name="designation">
            <value>P1-026</value>
          </Data>
          <Data name="Propriétaire">
            <value>Casse-Croûte du Mont Rigaud</value>
          </Data>
          <Data name="APPEL">
            <value/>
          </Data>
          <Data name="PRENOM">
            <value/>
          </Data>
          <Data name="ADRESSE">
            <value>321, Chemin des Érables</value>
          </Data>
          <Data name="MUNICIPALITE">
            <value>Rigaud</value>
          </Data>
          <Data name="PROVINCE">
            <value>QC</value>
          </Data>
          <Data name="CODE_POSTAL">
            <value/>
          </Data>
          <Data name="TEL_RES">
            <value/>
          </Data>
          <Data name="CELLULAIRE">
            <value/>
          </Data>
          <Data name="TEL_BUR">
            <value>418 555-0132</value>
          </Data>
          <Data name="TELECOPIEUR">
            <value/>
          </Data>
          <Data name="COURRIEL">
            <value/>
          </Data>
          <Data name="Visit date">
            <value/>
          </Data>
          <Data name="Call date">
            <value/>
          </Data>
          <Data name="call result">
            <value/>
          </Data>
          <Data name="Language">
            <value/>
          </Data>
          <Data name="Latitude">
            <value>45.4681286</value>
          </Data>
          <Data name="Longitude">
            <value>-74.339011</value>
          </Data>
        </ExtendedData>
      </Placemark>
      <Placemark>
        <name>Casse-Croûte du Mont Rigaud</name>
        <address>321, Chemin des Érables Rigaud QC</address>
        <description><![CDATA[Contact person: <br>Contact number: <br>Notes: <br>designation: P1-027<br>Propriétaire: Casse-Croûte du Mont Rigaud<br>APPEL: <br>PRENOM: <br>ADRESSE: 321, Chemin des Érables<br>MUNICIPALITE: Rigaud<br>PROVINCE: QC<br>CODE_POSTAL: <br>TEL_RES: <br>CELLULAIRE: <br>TEL_BUR: 418 555-0133<br>TELECOPIEUR: <br>COURRIEL: <br>Visit date: <br>Call date: <br>call result: <br>Language: <br>Latitude: 45.468<br>Longitude: -74.339]]></description>
        <styleUrl>#icon-1899-0288D1</styleUrl>
        <ExtendedData>
          <Data name="Contact person">
            <value/>
          </Data>
          <Data name="Contact number">
            <value/>
          </Data>
          <Data name="Notes">
            <value/>
          </Data>
          <Data name="designation">
            <value>P1-027</value>
          </Data>
          <Data name="Propriétaire">
            <value>Casse-Croûte du Mont Rigaud</value>
          </Data>
          <Data name="APPEL">
            <value/>
          </Data>
          <Data name="PRENOM">
            <value/>
          </Data>
          <Data name="ADRESSE">
            <value>321, Chemin des Érables</value>
          </Data>
          <Data name="MUNICIPALITE">
            <value>Rigaud</value>
          </Data>
          <Data name="PROVINCE">
            <value>QC</value>
          </Data>
          <Data name="CODE_POSTAL">
            <value/>
          </Data>
          <Data name="TEL_RES">
            <value/>
          </Data>
          <Data name="CELLULAIRE">
            <value/>
          </Data>
          <Data name="TEL_BUR">
            <value>418 555-0133</value>
          </Data>
          <Data name="TELECOPIEUR">
            <value/>
          </Data>
          <Data name="COURRIEL">
            <value/>
          </Data>
          <Data name="Visit date">
            <value/>
          </Data>
          <Data name="Call date">
            <value/>
          </Data>
          <Data name="call result">
            <value/>
          </Data>
          <Data name="Language">
            <value/>
          </Data>
          <Data name="Latitude">
            <value>45.4681286</value>
          </Data>
          <Data name="Longitude">
            <value>-74.339011</value>
          </Data>
        </ExtendedData>
      </Placemark>
      <Placemark>
        <name>Cantine Le Snack de la Rivière</name>
        <address><![CDATA[18, Rue de l' Église Rivière-au-Tonnerre QC]]></address>
        <description><![CDATA[Contact person: <br>Contact number: <br>Notes: <br>designation: P1-028<br>Propriétaire: Cantine Le Snack de la Rivière<br>APPEL: <br>PRENOM: <br>ADRESSE: 18, Rue de l' Église<br>MUNICIPALITE: Rivière-au-Tonnerre<br>PROVINCE: QC<br>CODE_POSTAL: <br>TEL_RES: <br>CELLULAIRE: <br>TEL_BUR: 418 555-0134<br>TELECOPIEUR: <br>COURRIEL: <br>Visit date: <br>Call date: <br>call result: <br>Language: <br>Latitude: 50.276<br>Longitude: -64.775]]></description>
        <styleUrl>#icon-1899-0288D1</styleUrl>
        <ExtendedData>
          <Data name="Contact person">
            <value/>
          </Data>
          <Data name="Contact number">
            <value/>
          </Data>
          <Data name="Notes">
            <value/>
          </Data>
          <Data name="designation">
            <value>P1-028</value>
          </Data>
          <Data name="Propriétaire">
            <value>Cantine Le Snack de la Rivière</value>
          </Data>
          <Data name="APPEL">
            <value/>
          </Data>
          <Data name="PRENOM">
            <value/>
          </Data>
          <Data name="ADRESSE">
            <value><![CDATA[18, Rue de l' Église]]></value>
          </Data>
          <Data name="MUNICIPALITE">
            <value>Rivière-au-Tonnerre</value>
          </Data>
          <Data name="PROVINCE">
            <value>QC</value>
          </Data>
          <Data name="CODE_POSTAL">
            <value/>
          </Data>
          <Data name="TEL_RES">
            <value/>
          </Data>
          <Data name="CELLULAIRE">
            <value/>
          </Data>
          <Data name="TEL_BUR">
            <value>418 555-0134</value>
          </Data>
          <Data name="TELECOPIEUR">
            <value/>
          </Data>
          <Data name="COURRIEL">
            <value/>
          </Data>
          <Data name="Visit date">
            <value/>
          </Data>
          <Data name="Call date">
            <value/>
          </Data>
          <Data name="call result">
            <value/>
          </Data>
          <Data name="Language">
            <value/>
          </Data>
          <Data name="Latitude">
            <value>50.2760476</value>
          </Data>
          <Data name="Longitude">
            <value>-64.7747959</value>
          </Data>
        </ExtendedData>
      </Placemark>
      <Placemark>
        <name><![CDATA[Snack Bar D'Amours]]></name>
        <address>47, Boulevard Cartier Rivière-du-Loup QC G5R 5Z3</address>
        <description><![CDATA[Contact person: <br>Contact number: <br>Notes: Stationnement à l’arrière<br>designation: P1-029<br>Propriétaire: Snack Bar D'Amours<br>APPEL: <br>PRENOM: <br>ADRESSE: 47, Boulevard Cartier<br>MUNICIPALITE: Rivière-du-Loup<br>PROVINCE: QC<br>CODE_POSTAL: G5R 5Z3<br>TEL_RES: <br>CELLULAIRE: <br>TEL_BUR: 418 555-0135<br>TELECOPIEUR: <br>COURRIEL: <br>Visit date: <br>Call date: <br>call result: <br>Language: <br>Latitude: 47.858<br>Longitude: -69.548]]></description>
        <styleUrl>#icon-1899-0288D1</styleUrl>
        <ExtendedData>
          <Data name="Contact person">
            <value/>
          </Data>
          <Data name="Contact number">
            <value/>
          </Data>
          <Data name="Notes">
            <value>Stationnement à l’arrière</value>
          </Data>
          <Data name="designation">
            <value>P1-029</value>
          </Data>
          <Data name="Propriétaire">
            <value><![CDATA[Snack Bar D'Amours]]></value>
          </Data>
          <Data name="APPEL">
            <value/>
          </Data>
          <Data name="PRENOM">
            <value/>
          </Data>
          <Data name="ADRESSE">
            <value>47, Boulevard Cartier</value>
          </Data>
          <Data name="MUNICIPALITE">
            <value>Rivière-du-Loup</value>
          </Data>
          <Data name="PROVINCE">
            <value>QC</value>
          </Data>
          <Data name="CODE_POSTAL">
            <value>G5R 5Z3</value>
          </Data>
          <Data name="TEL_RES">
            <value/>
          </Data>
          <Data name="CELLULAIRE">
            <value/>
          </Data>
          <Data name="TEL_BUR">
            <value>418 555-0135</value>
          </Data>
          <Data name="TELECOPIEUR">
            <value/>
          </Data>
          <Data name="COURRIEL">
            <value/>
          </Data>
          <Data name="Visit date">
            <value/>
          </Data>
          <Data name="Call date">
            <value/>
          </Data>
          <Data name="call result">
            <value/>
          </Data>
          <Data name="Language">
            <value/>
          </Data>
          <Data name="Latitude">
            <value>47.8581335</value>
          </Data>
          <Data name="Longitude">
            <value>-69.5482397</value>
          </Data>
        </ExtendedData>
      </Placemark>
      <Placemark>
        <name>Casse-croûte la Licorne</name>
        <address>383 B, Rue Témiscouata Rivière-du-Loup QC</address>
        <description><![CDATA[Contact person: <br>Contact number: <br>Notes: <br>designation: P1-030<br>Propriétaire: Casse-croûte la Licorne<br>APPEL: <br>PRENOM: <br>ADRESSE: 383 B, Rue Témiscouata<br>MUNICIPALITE: Rivière-du-Loup<br>PROVINCE: QC<br>CODE_POSTAL: <br>TEL_RES: <br>CELLULAIRE: <br>TEL_BUR: 418 555-0136<br>TELECOPIEUR: <br>COURRIEL: <br>Visit date: <br>Call date: <br>call result: <br>Language: <br>Latitude: 47.82<br>Longitude: -69.502]]></description>
        <styleUrl>#icon-1899-0288D1</styleUrl>
        <ExtendedData>
          <Data name="Contact person">
            <value/>
          </Data>
          <Data name="Contact number">
            <value/>
          </Data>
          <Data name="Notes">
            <value/>
          </Data>
          <Data name="designation">
            <value>P1-030</value>
          </Data>
          <Data name="Propriétaire">
            <value>Casse-croûte la Licorne</value>
          </Data>
          <Data name="APPEL">
            <value/>
          </Data>
          <Data name="PRENOM">
            <value/>
          </Data>
          <Data name="ADRESSE">
            <value>383 B, Rue Témiscouata</value>
          </Data>
          <Data name="MUNICIPALITE">
            <value>Rivière-du-Loup</value>
          </Data>
          <Data name="PROVINCE">
            <value>QC</value>
          </Data>
          <Data name="CODE_POSTAL">
            <value/>
          </Data>
          <Data name="TEL_RES">
            <value/>
          </Data>
          <Data name="CELLULAIRE">
            <value/>
          </Data>
          <Data name="TEL_BUR">
            <value>418 555-0136</value>
          </Data>
          <Data name="TELECOPIEUR">
            <value/>
          </Data>
          <Data name="COURRIEL">
            <value/>
          </Data>
          <Data name="Visit date">
            <value/>
          </Data>
          <Data name="Call date">
            <value/>
          </Data>
          <Data name="call result">
            <value/>
          </Data>
          <Data name="Language">
            <value/>
          </Data>
          <Data name="Latitude">
            <value>47.8195981</value>
          </Data>
          <Data name="Longitude">
            <value>-69.5019786</value>
          </Data>
        </ExtendedData>
      </Placemark>
      <Placemark>
        <name>Casse-Croûte Chez Line</name>
        <address>420, Route 204 Saint-Aubert QC G0R2R0</address>
        <description><![CDATA[Contact person: <br>Contact number: <br>Notes: <br>designation: P1-031<br>Propriétaire: Casse-Croûte Chez Line<br>APPEL: <br>PRENOM: <br>ADRESSE: 420, Route 204<br>MUNICIPALITE: Saint-Aubert<br>PROVINCE: QC<br>CODE_POSTAL: G0R2R0<br>TEL_RES: <br>CELLULAIRE: <br>TEL_BUR: 418 555-0137<br>TELECOPIEUR: <br>COURRIEL: <br>Visit date: <br>Call date: <br>call result: <br>Language: <br>Latitude: 47.183<br>Longitude: -70.218]]></description>
        <styleUrl>#icon-1899-0288D1</styleUrl>
        <ExtendedData>
          <Data name="Contact person">
            <value/>
          </Data>
          <Data name="Contact number">
            <value/>
          </Data>
          <Data name="Notes">
            <value/>
          </Data>
          <Data name="designation">
            <value>P1-031</value>
          </Data>
          <Data name="Propriétaire">
            <value>Casse-Croûte Chez Line</value>
          </Data>
          <Data name="APPEL">
            <value/>
          </Data>
          <Data name="PRENOM">
            <value/>
          </Data>
          <Data name="ADRESSE">
            <value>420, Route 204</value>
          </Data>
          <Data name="MUNICIPALITE">
            <value>Saint-Aubert</value>
          </Data>
          <Data name="PROVINCE">
            <value>QC</value>
          </Data>
          <Data name="CODE_POSTAL">
            <value>G0R2R0</value>
          </Data>
          <Data name="TEL_RES">
            <value/>
          </Data>
          <Data name="CELLULAIRE">
            <value/>
          </Data>
          <Data name="TEL_BUR">
            <value>418 555-0137</value>
          </Data>
          <Data name="TELECOPIEUR">
            <value/>
          </Data>
          <Data name="COURRIEL">
            <value/>
          </Data>
          <Data name="Visit date">
            <value/>
          </Data>
          <Data name="Call date">
            <value/>
          </Data>
          <Data name="call result">
            <value/>
          </Data>
          <Data name="Language">
            <value/>
          </Data>
          <Data name="Latitude">
            <value>47.1827275</value>
          </Data>
          <Data name="Longitude">
            <value>-70.217563</value>
          </Data>
        </ExtendedData>
      </Placemark>
      <Placemark>
        <name>CASSE-CROÛTE DU NORD</name>
        <address>840, Rue Notre-Dame Saint-Barnabé QC G0X 2K0</address>
        <description><![CDATA[Contact person: <br>Contact number: <br>Notes: <br>designation: P1-032<br>Propriétaire: CASSE-CROÛTE DU NORD<br>APPEL: <br>PRENOM: <br>ADRESSE: 840, Rue Notre-Dame<br>MUNICIPALITE: Saint-Barnabé<br>PROVINCE: QC<br>CODE_POSTAL: G0X 2K0<br>TEL_RES: <br>CELLULAIRE: <br>TEL_BUR: 418 555-0138<br>TELECOPIEUR: <br>COURRIEL: <br>Visit date: <br>Call date: <br>call result: <br>Language: <br>Latitude: 46.401<br>Longitude: -72.871]]></description>
        <styleUrl>#icon-1899-0288D1</styleUrl>
        <ExtendedData>
          <Data name="Contact person">
            <value/>
          </Data>
          <Data name="Contact number">
            <value/>
          </Data>
          <Data name="Notes">
            <value/>
          </Data>
          <Data name="designation">
            <value>P1-032</value>
          </Data>
          <Data name="Propriétaire">
            <value>CASSE-CROÛTE DU NORD</value>
          </Data>
          <Data name="APPEL">
            <value/>
          </Data>
          <Data name="PRENOM">
            <value/>
          </Data>
          <Data name="ADRESSE">
            <value>840, Rue Notre-Dame</value>
          </Data>
          <Data name="MUNICIPALITE">
            <value>Saint-Barnabé</value>
          </Data>
          <Data name="PROVINCE">
            <value>QC</value>
          </Data>
          <Data name="CODE_POSTAL">
            <value>G0X 2K0</value>
          </Data>
          <Data name="TEL_RES">
            <value/>
          </Data>
          <Data name="CELLULAIRE">
            <value/>
          </Data>
          <Data name="TEL_BUR">
            <value>418 555-0138</value>
          </Data>
          <Data name="TELECOPIEUR">
            <value/>
          </Data>
          <Data name="COURRIEL">
            <value/>
          </Data>
          <Data name="Visit date">
            <value/>
          </Data>
          <Data name="Call date">
            <value/>
          </Data>
          <Data name="call result">
            <value/>
          </Data>
          <Data name="Language">
            <value/>
          </Data>
          <Data name="Latitude">
            <value>46.400593</value>
          </Data>
          <Data name="Longitude">
            <value>-72.8713806</value>
          </Data>
        </ExtendedData>
      </Placemark>
      <Placemark>
        <name><![CDATA[Casse-Croûte H & P]]></name>
        <address>160, Boulevard Trudel Ouest Saint-Boniface QC G0X 2L0</address>
        <description><![CDATA[Contact person: <br>Contact number: <br>Notes: <br>designation: P1-033<br>Propriétaire: Casse-Croûte H & P<br>APPEL: <br>PRENOM: <br>ADRESSE: 160, Boulevard Trudel Ouest<br>MUNICIPALITE: Saint-Boniface<br>PROVINCE: QC<br>CODE_POSTAL: G0X 2L0<br>TEL_RES: <br>CELLULAIRE: <br>TEL_BUR: 418 555-0139<br>TELECOPIEUR: <br>COURRIEL: <br>Visit date: <br>Call date: <br>call result: <br>Language: <br>Latitude: 46.499<br>Longitude: -72.825]]></description>
        <styleUrl>#icon-1899-0288D1</styleUrl>
        <ExtendedData>
          <Data name="Contact person">
            <value/>
          </Data>
          <Data name="Contact number">
            <value/>
          </Data>
          <Data name="Notes">
            <value/>
          </Data>
          <Data name="designation">
            <value>P1-033</value>
          </Data>
          <Data name="Propriétaire">
            <value><![CDATA[Casse-Croûte H & P]]></value>
          </Data>
          <Data name="APPEL">
            <value/>
          </Data>
          <Data name="PRENOM">
            <value/>
          </Data>
          <Data name="ADRESSE">
            <value>160, Boulevard Trudel Ouest</value>
          </Data>
          <Data name="MUNICIPALITE">
            <value>Saint-Boniface</value>
          </Data>
          <Data name="PROVINCE">
            <value>QC</value>
          </Data>
          <Data name="CODE_POSTAL">
            <value>G0X 2L0</value>
          </Data>
          <Data name="TEL_RES">
            <value/>
          </Data>
          <Data name="CELLULAIRE">
            <value/>
          </Data>
          <Data name="TEL_BUR">
            <value>418 555-0139</value>
          </Data>
          <Data name="TELECOPIEUR">
            <value/>
          </Data>
          <Data name="COURRIEL">
            <value/>
          </Data>
          <Data name="Visit date">
            <value/>
          </Data>
          <Data name="Call date">
            <value/>
          </Data>
          <Data name="call result">
            <value/>
          </Data>
          <Data name="Language">
            <value/>
          </Data>
          <Data name="Latitude">
            <value>46.4989852</value>
          </Data>
          <Data name="Longitude">
            <value>-72.8253052</value>
          </Data>
        </ExtendedData>
      </Placemark>
      <Placemark>
        <name>Casse-Croûte Saint-Caz</name>
        <address>555, Boulevard de la Montagne Saint-Casimir QC G0A 3L0</address>
        <description><![CDATA[Contact person: <br>Contact number: <br>Notes: <br>designation: P1-034<br>Propriétaire: Casse-Croûte Saint-Caz<br>APPEL: <br>PRENOM: <br>ADRESSE: 555, Boulevard de la Montagne<br>MUNICIPALITE: Saint-Casimir<br>PROVINCE: QC<br>CODE_POSTAL: G0A 3L0<br>TEL_RES: <br>CELLULAIRE: <br>TEL_BUR: 418 555-0140<br>TELECOPIEUR: <br>COURRIEL: <br>Visit date: <br>Call date: <br>call result: <br>Language: <br>Latitude: 46.659<br>Longitude: -72.145]]></description>
        <styleUrl>#icon-1899-0288D1</styleUrl>
        <ExtendedData>
          <Data name="Contact person">
            <value/>
          </Data>
          <Data name="Contact number">
            <value/>
          </Data>
          <Data name="Notes">
            <value/>
          </Data>
          <Data name="designation">
            <value>P1-034</value>
          </Data>
          <Data name="Propriétaire">
            <value>Casse-Croûte Saint-Caz</value>
          </Data>
          <Data name="APPEL">
            <value/>
          </Data>
          <Data name="PRENOM">
            <value/>
          </Data>
          <Data name="ADRESSE">
            <value>555, Boulevard de la Montagne</value>
          </Data>
          <Data name="MUNICIPALITE">
            <value>Saint-Casimir</value>
          </Data>
          <Data name="PROVINCE">
            <value>QC</value>
          </Data>
          <Data name="CODE_POSTAL">
            <value>G0A 3L0</value>
          </Data>
          <Data name="TEL_RES">
            <value/>
          </Data>
          <Data name="CELLULAIRE">
            <value/>
          </Data>
          <Data name="TEL_BUR">
            <value>418 555-0140</value>
          </Data>
          <Data name="TELECOPIEUR">
            <value/>
          </Data>
          <Data name="COURRIEL">
            <value/>
          </Data>
          <Data name="Visit date">
            <value/>
          </Data>
          <Data name="Call date">
            <value/>
          </Data>
          <Data name="call result">
            <value/>
          </Data>
          <Data name="Language">
            <value/>
          </Data>
          <Data name="Latitude">
            <value>46.6591072</value>
          </Data>
          <Data name="Longitude">
            <value>-72.1454433</value>
          </Data>
        </ExtendedData>
      </Placemark>
      <Placemark>
        <name>Chez Ben - Casse-Croûte</name>
        <address>195, Chemin Métivier Saint-Damien-de-Buckland QC G0R 2Y0</address>
        <description><![CDATA[Contact person: <br>Contact number: <br>Notes: <br>designation: P1-035<br>Propriétaire: Chez Ben - Casse-Croûte<br>APPEL: <br>PRENOM: <br>ADRESSE: 195, Chemin Métivier<br>MUNICIPALITE: Saint-Damien-de-Buckland<br>PROVINCE: QC<br>CODE_POSTAL: G0R 2Y0<br>TEL_RES: <br>CELLULAIRE: <br>TEL_BUR: 418 555-0141<br>TELECOPIEUR: <br>COURRIEL: <br>Visit date: <br>Call date: <br>call result: <br>Language: <br>Latitude: 46.624<br>Longitude: -70.653]]></description>
        <styleUrl>#icon-1899-0288D1</styleUrl>
        <ExtendedData>
          <Data name="Contact person">
            <value/>
          </Data>
          <Data name="Contact number">
            <value/>
          </Data>
          <Data name="Notes">
            <value/>
          </Data>
          <Data name="designation">
            <value>P1-035</value>
          </Data>
          <Data name="Propriétaire">
            <value>Chez Ben - Casse-Croûte</value>
          </Data>
          <Data name="APPEL">
            <value/>
          </Data>
          <Data name="PRENOM">
            <value/>
          </Data>
          <Data name="ADRESSE">
            <value>195, Chemin Métivier</value>
          </Data>
          <Data name="MUNICIPALITE">
            <value>Saint-Damien-de-Buckland</value>
          </Data>
          <Data name="PROVINCE">
            <value>QC</value>
          </Data>
          <Data name="CODE_POSTAL">
            <value>G0R 2Y0</value>
          </Data>
          <Data name="TEL_RES">
            <value/>
          </Data>
          <Data name="CELLULAIRE">
            <value/>
          </Data>
          <Data name="TEL_BUR">
            <value>418 555-0141</value>
          </Data>
          <Data name="TELECOPIEUR">
            <value/>
          </Data>
          <Data name="COURRIEL">
            <value/>
          </Data>
          <Data name="Visit date">
            <value/>
          </Data>
          <Data name="Call date">
            <value/>
          </Data>
          <Data name="call result">
            <value/>
          </Data>
          <Data name="Language">
            <value/>
          </Data>
          <Data name="Latitude">
            <value>46.6239435</value>
          </Data>
          <Data name="Longitude">
            <value>-70.652963</value>
          </Data>
        </ExtendedData>
      </Placemark>
      <Placemark>
        <name>Casse-croûte Jo-Bine</name>
        <address>2121, Avenue Principale Saint-Élie-de-Caxton QC G0X 2N0</address>
        <description><![CDATA[Contact person: <br>Contact number: <br>Notes: <br>designation: P1-036<br>Propriétaire: Casse-croûte Jo-Bine<br>APPEL: <br>PRENOM: <br>ADRESSE: 2121, Avenue Principale<br>MUNICIPALITE: Saint-Élie-de-Caxton<br>PROVINCE: QC<br>CODE_POSTAL: G0X 2N0<br>TEL_RES: <br>CELLULAIRE: <br>TEL_BUR: 418 555-0142<br>TELECOPIEUR: <br>COURRIEL: <br>Visit date: <br>Call date: <br>call result: <br>Language: <br>Latitude: 46.486<br>Longitude: -72.954]]></description>
        <styleUrl>#icon-1899-0288D1</styleUrl>
        <ExtendedData>
          <Data name="Contact person">
            <value/>
          </Data>
          <Data name="Contact number">
            <value/>
          </Data>
          <Data name="Notes">
            <value/>
          </Data>
          <Data name="designation">
            <value>P1-036</value>
          </Data>
          <Data name="Propriétaire">
            <value>Casse-croûte Jo-Bine</value>
          </Data>
          <Data name="APPEL">
            <value/>
          </Data>
          <Data name="PRENOM">
            <value/>
          </Data>
          <Data name="ADRESSE">
            <value>2121, Avenue Principale</value>
          </Data>
          <Data name="MUNICIPALITE">
            <value>Saint-Élie-de-Caxton</value>
          </Data>
          <Data name="PROVINCE">
            <value>QC</value>
          </Data>
          <Data name="CODE_POSTAL">
            <value>G0X 2N0</value>
          </Data>
          <Data name="TEL_RES">
            <value/>
          </Data>
          <Data name="CELLULAIRE">
            <value/>
          </Data>
          <Data name="TEL_BUR">
            <value>418 555-0142</value>
          </Data>
          <Data name="TELECOPIEUR">
            <value/>
          </Data>
          <Data name="COURRIEL">
            <value/>
          </Data>
          <Data name="Visit date">
            <value/>
          </Data>
          <Data name="Call date">
            <value/>
          </Data>
          <Data name="call result">
            <value/>
          </Data>
          <Data name="Language">
            <value/>
          </Data>
          <Data name="Latitude">
            <value>46.4863234</value>
          </Data>
          <Data name="Longitude">
            <value>-72.954143</value>
          </Data>
        </ExtendedData>
      </Placemark>
      <Placemark>
        <name>Casse-Croute La Seigneurie</name>
        <address>17, 1e Avenue Ouest Saint-Maxime-du-Mont-Louis QC</address>
        <description><![CDATA[Contact person: <br>Contact number: <br>Notes: <br>designation: P1-037<br>Propriétaire: Casse-Croute La Seigneurie<br>APPEL: <br>PRENOM: <br>ADRESSE: 17, 1e Avenue Ouest<br>MUNICIPALITE: Saint-Maxime-du-Mont-Louis<br>PROVINCE: QC<br>CODE_POSTAL: <br>TEL_RES: <br>CELLULAIRE: <br>TEL_BUR: 418 555-0143<br>TELECOPIEUR: <br>COURRIEL: <br>Visit date: <br>Call date: <br>call result: <br>Language: <br>Latitude: 49.229<br>Longitude: -65.735]]></description>
        <styleUrl>#icon-1899-0288D1</styleUrl>
        <ExtendedData>
          <Data name="Contact person">
            <value/>
          </Data>
          <Data name="Contact number">
            <value/>
          </Data>
          <Data name="Notes">
            <value/>
          </Data>
          <Data name="designation">
            <value>P1-037</value>
          </Data>
          <Data name="Propriétaire">
            <value>Casse-Croute La Seigneurie</value>
          </Data>
          <Data name="APPEL">
            <value/>
          </Data>
          <Data name="PRENOM">
            <value/>
          </Data>
          <Data name="ADRESSE">
            <value>17, 1e Avenue Ouest</value>
          </Data>
          <Data name="MUNICIPALITE">
            <value>Saint-Maxime-du-Mont-Louis</value>
          </Data>
          <Data name="PROVINCE">
            <value>QC</value>
          </Data>
          <Data name="CODE_POSTAL">
            <value/>
          </Data>
          <Data name="TEL_RES">
            <value/>
          </Data>
          <Data name="CELLULAIRE">
            <value/>
          </Data>
          <Data name="TEL_BUR">
            <value>418 555-0143</value>
          </Data>
          <Data name="TELECOPIEUR">
            <value/>
          </Data>
          <Data name="COURRIEL">
            <value/>
          </Data>
          <Data name="Visit date">
            <value/>
          </Data>
          <Data name="Call date">
            <value/>
          </Data>
          <Data name="call result">
            <value/>
          </Data>
          <Data name="Language">
            <value/>
          </Data>
          <Data name="Latitude">
            <value>49.2293754</value>
          </Data>
          <Data name="Longitude">
            <value>-65.7350251</value>
          </Data>
        </ExtendedData>
      </Placemark>
      <Placemark>
        <name>Casse-Croûte La Fringale</name>
        <address>2510, Rue Laflèche Saint-Paulin QC J0K 3G0</address>
        <description><![CDATA[Contact person: <br>Contact number: <br>Notes: Terrasse l’été<br>designation: P1-038<br>Propriétaire: Casse-Croûte La Fringale<br>APPEL: <br>PRENOM: <br>ADRESSE: 2510, Rue Laflèche<br>MUNICIPALITE: Saint-Paulin<br>PROVINCE: QC<br>CODE_POSTAL: J0K 3G0<br>TEL_RES: <br>CELLULAIRE: <br>TEL_BUR: 418 555-0144<br>TELECOPIEUR: <br>COURRIEL: <br>Visit date: <br>Call date: <br>call result: <br>Language: <br>Latitude: 46.413<br>Longitude: -73.015]]></description>
        <styleUrl>#icon-1899-0288D1</styleUrl>
        <ExtendedData>
          <Data name="Contact person">
            <value/>
          </Data>
          <Data name="Contact number">
            <value/>
          </Data>
          <Data name="Notes">
            <value>Terrasse l’été</value>
          </Data>
          <Data name="designation">
            <value>P1-038</value>
          </Data>
          <Data name="Propriétaire">
            <value>Casse-Croûte La Fringale</value>
          </Data>
          <Data name="APPEL">
            <value/>
          </Data>
          <Data name="PRENOM">
            <value/>
          </Data>
          <Data name="ADRESSE">
            <value>2510, Rue Laflèche</value>
          </Data>
          <Data name="MUNICIPALITE">
            <value>Saint-Paulin</value>
          </Data>
          <Data name="PROVINCE">
            <value>QC</value>
          </Data>
          <Data name="CODE_POSTAL">
            <value>J0K 3G0</value>
          </Data>
          <Data name="TEL_RES">
            <value/>
          </Data>
          <Data name="CELLULAIRE">
            <value/>
          </Data>
          <Data name="TEL_BUR">
            <value>418 555-0144</value>
          </Data>
          <Data name="TELECOPIEUR">
            <value/>
          </Data>
          <Data name="COURRIEL">
            <value/>
          </Data>
          <Data name="Visit date">
            <value/>
          </Data>
          <Data name="Call date">
            <value/>
          </Data>
          <Data name="call result">
            <value/>
          </Data>
          <Data name="Language">
            <value/>
          </Data>
          <Data name="Latitude">
            <value>46.4133353</value>
          </Data>
          <Data name="Longitude">
            <value>-73.0145105</value>
          </Data>
        </ExtendedData>
      </Placemark>
      <Placemark>
        <name>Casse-croûte chez Jojo</name>
        <address><![CDATA[536, Route de l'Église Saint-Pierre-Baptiste QC G0P 1K0]]></address>
        <description><![CDATA[Contact person: <br>Contact number: <br>Notes: <br>designation: P1-039<br>Propriétaire: Casse-croûte chez Jojo<br>APPEL: <br>PRENOM: <br>ADRESSE: 536, Route de l'Église<br>MUNICIPALITE: Saint-Pierre-Baptiste<br>PROVINCE: QC<br>CODE_POSTAL: G0P 1K0<br>TEL_RES: <br>CELLULAIRE: <br>TEL_BUR: 418 555-0145<br>TELECOPIEUR: <br>COURRIEL: <br>Visit date: <br>Call date: <br>call result: <br>Language: <br>Latitude: 46.205<br>Longitude: -71.616]]></description>
        <styleUrl>#icon-1899-0288D1</styleUrl>
        <ExtendedData>
          <Data name="Contact person">
            <value/>
          </Data>
          <Data name="Contact number">
            <value/>
          </Data>
          <Data name="Notes">
            <value/>
          </Data>
          <Data name="designation">
            <value>P1-039</value>
          </Data>
          <Data name="Propriétaire">
            <value>Casse-croûte chez Jojo</value>
          </Data>
          <Data name="APPEL">
            <value/>
          </Data>
          <Data name="PRENOM">
            <value/>
          </Data>
          <Data name="ADRESSE">
            <value><![CDATA[536, Route de l'Église]]></value>
          </Data>
          <Data name="MUNICIPALITE">
            <value>Saint-Pierre-Baptiste</value>
          </Data>
          <Data name="PROVINCE">
            <value>QC</value>
          </Data>
          <Data name="CODE_POSTAL">
            <value>G0P 1K0</value>
          </Data>
          <Data name="TEL_RES">
            <value/>
          </Data>
          <Data name="CELLULAIRE">
            <value/>
          </Data>
          <Data name="TEL_BUR">
            <value>418 555-0145</value>
          </Data>
          <Data name="TELECOPIEUR">
            <value/>
          </Data>
          <Data name="COURRIEL">
            <value/>
          </Data>
          <Data name="Visit date">
            <value/>
          </Data>
          <Data name="Call date">
            <value/>
          </Data>
          <Data name="call result">
            <value/>
          </Data>
          <Data name="Language">
            <value/>
          </Data>
          <Data name="Latitude">
            <value>46.2053293</value>
          </Data>
          <Data name="Longitude">
            <value>-71.6156754</value>
          </Data>
        </ExtendedData>
      </Placemark>
      <Placemark>
        <name>Casse-croûte chez Jojo</name>
        <address><![CDATA[536, Route de l'Église Saint-Pierre-Baptiste QC G0P 1K0]]></address>
        <description><![CDATA[Contact person: <br>Contact number: <br>Notes: <br>designation: P1-040<br>Propriétaire: Casse-croûte chez Jojo<br>APPEL: <br>PRENOM: <br>ADRESSE: 536, Route de l'Église<br>MUNICIPALITE: Saint-Pierre-Baptiste<br>PROVINCE: QC<br>CODE_POSTAL: G0P 1K0<br>TEL_RES: <br>CELLULAIRE: <br>TEL_BUR: 418 555-0146<br>TELECOPIEUR: <br>COURRIEL: <br>Visit date: <br>Call date: <br>call result: <br>Language: <br>Latitude: 46.205<br>Longitude: -71.616]]></description>
        <styleUrl>#icon-1899-0288D1</styleUrl>
        <ExtendedData>
          <Data name="Contact person">
            <value/>
          </Data>
          <Data name="Contact number">
            <value/>
          </Data>
          <Data name="Notes">
            <value/>
          </Data>
          <Data name="designation">
            <value>P1-040</value>
          </Data>
          <Data name="Propriétaire">
            <value>Casse-croûte chez Jojo</value>
          </Data>
          <Data name="APPEL">
            <value/>
          </Data>
          <Data name="PRENOM">
            <value/>
          </Data>
          <Data name="ADRESSE">
            <value><![CDATA[536, Route de l'Église]]></value>
          </Data>
          <Data name="MUNICIPALITE">
            <value>Saint-Pierre-Baptiste</value>
          </Data>
          <Data name="PROVINCE">
            <value>QC</value>
          </Data>
          <Data name="CODE_POSTAL">
            <value>G0P 1K0</value>
          </Data>
          <Data name="TEL_RES">
            <value/>
          </Data>
          <Data name="CELLULAIRE">
            <value/>
          </Data>
          <Data name="TEL_BUR">
            <value>418 555-0146</value>
          </Data>
          <Data name="TELECOPIEUR">
            <value/>
          </Data>
          <Data name="COURRIEL">
            <value/>
          </Data>
          <Data name="Visit date">
            <value/>
          </Data>
          <Data name="Call date">
            <value/>
          </Data>
          <Data name="call result">
            <value/>
          </Data>
          <Data name="Language">
            <value/>
          </Data>
          <Data name="Latitude">
            <value>46.2053293</value>
          </Data>
          <Data name="Longitude">
            <value>-71.6156754</value>
          </Data>
        </ExtendedData>
      </Placemark>
      <Placemark>
        <name>Casse-croûte La Baraque</name>
        <address>966, Route de la Seigneurie Saint-Roch-des-Aulnaies QC G0R 4E0</address>
        <description><![CDATA[Contact person: <br>Contact number: <br>Notes: <br>designation: P1-041<br>Propriétaire: Casse-croûte La Baraque<br>APPEL: <br>PRENOM: <br>ADRESSE: 966, Route de la Seigneurie<br>MUNICIPALITE: Saint-Roch-des-Aulnaies<br>PROVINCE: QC<br>CODE_POSTAL: G0R 4E0<br>TEL_RES: <br>CELLULAIRE: <br>TEL_BUR: 418 555-0147<br>TELECOPIEUR: <br>COURRIEL: <br>Visit date: <br>Call date: <br>call result: <br>Language: <br>Latitude: 47.312<br>Longitude: -70.177]]></description>
        <styleUrl>#icon-1899-0288D1</styleUrl>
        <ExtendedData>
          <Data name="Contact person">
            <value/>
          </Data>
          <Data name="Contact number">
            <value/>
          </Data>
          <Data name="Notes">
            <value/>
          </Data>
          <Data name="designation">
            <value>P1-041</value>
          </Data>
          <Data name="Propriétaire">
            <value>Casse-croûte La Baraque</value>
          </Data>
          <Data name="APPEL">
            <value/>
          </Data>
          <Data name="PRENOM">
            <value/>
          </Data>
          <Data name="ADRESSE">
            <value>966, Route de la Seigneurie</value>
          </Data>
          <Data name="MUNICIPALITE">
            <value>Saint-Roch-des-Aulnaies</value>
          </Data>
          <Data name="PROVINCE">
            <value>QC</value>
          </Data>
          <Data name="CODE_POSTAL">
            <value>G0R 4E0</value>
          </Data>
          <Data name="TEL_RES">
            <value/>
          </Data>
          <Data name="CELLULAIRE">
            <value/>
          </Data>
          <Data name="TEL_BUR">
            <value>418 555-0147</value>
          </Data>
          <Data name="TELECOPIEUR">
            <value/>
          </Data>
          <Data name="COURRIEL">
            <value/>
          </Data>
          <Data name="Visit date">
            <value/>
          </Data>
          <Data name="Call date">
            <value/>
          </Data>
          <Data name="call result">
            <value/>
          </Data>
          <Data name="Language">
            <value/>
          </Data>
          <Data name="Latitude">
            <value>47.3119129</value>
          </Data>
          <Data name="Longitude">
            <value>-70.1770297</value>
          </Data>
        </ExtendedData>
      </Placemark>
      <Placemark>
        <name>Casse-Croûte Élisa</name>
        <address>720, Rue Saint-Laurent Saint-Siméon QC G0T 1X0</address>
        <description><![CDATA[Contact person: <br>Contact number: <br>Notes: <br>designation: P1-042<br>Propriétaire: Casse-Croûte Élisa<br>APPEL: <br>PRENOM: <br>ADRESSE: 720, Rue Saint-Laurent<br>MUNICIPALITE: Saint-Siméon<br>PROVINCE: QC<br>CODE_POSTAL: G0T 1X0<br>TEL_RES: <br>CELLULAIRE: <br>TEL_BUR: 418 555-0148<br>TELECOPIEUR: <br>COURRIEL: <br>Visit date: <br>Call date: <br>call result: <br>Language: <br>Latitude: 47.831<br>Longitude: -69.886]]></description>
        <styleUrl>#icon-1899-0288D1</styleUrl>
        <ExtendedData>
          <Data name="Contact person">
            <value/>
          </Data>
          <Data name="Contact number">
            <value/>
          </Data>
          <Data name="Notes">
            <value/>
          </Data>
          <Data name="designation">
            <value>P1-042</value>
          </Data>
          <Data name="Propriétaire">
            <value>Casse-Croûte Élisa</value>
          </Data>
          <Data name="APPEL">
            <value/>
          </Data>
          <Data name="PRENOM">
            <value/>
          </Data>
          <Data name="ADRESSE">
            <value>720, Rue Saint-Laurent</value>
          </Data>
          <Data name="MUNICIPALITE">
            <value>Saint-Siméon</value>
          </Data>
          <Data name="PROVINCE">
            <value>QC</value>
          </Data>
          <Data name="CODE_POSTAL">
            <value>G0T 1X0</value>
          </Data>
          <Data name="TEL_RES">
            <value/>
          </Data>
          <Data name="CELLULAIRE">
            <value/>
          </Data>
          <Data name="TEL_BUR">
            <value>418 555-0148</value>
          </Data>
          <Data name="TELECOPIEUR">
            <value/>
          </Data>
          <Data name="COURRIEL">
            <value/>
          </Data>
          <Data name="Visit date">
            <value/>
          </Data>
          <Data name="Call date">
            <value/>
          </Data>
          <Data name="call result">
            <value/>
          </Data>
          <Data name="Language">
            <value/>
          </Data>
          <Data name="Latitude">
            <value>47.8310963</value>
          </Data>
          <Data name="Longitude">
            <value>-69.8860717</value>
          </Data>
        </ExtendedData>
      </Placemark>
      <Placemark>
        <name>Casse-Croûte Patamix</name>
        <address>309, Rue Principale Sainte-Anne-de-la-Pérade QC G0X 2J0</address>
        <description><![CDATA[Contact person: <br>Contact number: <br>Notes: <br>designation: P1-043<br>Propriétaire: Casse-Croûte Patamix<br>APPEL: <br>PRENOM: <br>ADRESSE: 309, Rue Principale<br>MUNICIPALITE: Sainte-Anne-de-la-Pérade<br>PROVINCE: QC<br>CODE_POSTAL: G0X 2J0<br>TEL_RES: <br>CELLULAIRE: <br>TEL_BUR: 418 555-0149<br>TELECOPIEUR: <br>COURRIEL: <br>Visit date: <br>Call date: <br>call result: <br>Language: <br>Latitude: 46.567<br>Longitude: -72.211]]></description>
        <styleUrl>#icon-1899-0288D1</styleUrl>
        <ExtendedData>
          <Data name="Contact person">
            <value/>
          </Data>
          <Data name="Contact number">
            <value/>
          </Data>
          <Data name="Notes">
            <value/>
          </Data>
          <Data name="designation">
            <value>P1-043</value>
          </Data>
          <Data name="Propriétaire">
            <value>Casse-Croûte Patamix</value>
          </Data>
          <Data name="APPEL">
            <value/>
          </Data>
          <Data name="PRENOM">
            <value/>
          </Data>
          <Data name="ADRESSE">
            <value>309, Rue Principale</value>
          </Data>
          <Data name="MUNICIPALITE">
            <value>Sainte-Anne-de-la-Pérade</value>
          </Data>
          <Data name="PROVINCE">
            <value>QC</value>
          </Data>
          <Data name="CODE_POSTAL">
            <value>G0X 2J0</value>
          </Data>
          <Data name="TEL_RES">
            <value/>
          </Data>
          <Data name="CELLULAIRE">
            <value/>
          </Data>
          <Data name="TEL_BUR">
            <value>418 555-0149</value>
          </Data>
          <Data name="TELECOPIEUR">
            <value/>
          </Data>
          <Data name="COURRIEL">
            <value/>
          </Data>
          <Data name="Visit date">
            <value/>
          </Data>
          <Data name="Call date">
            <value/>
          </Data>
          <Data name="call result">
            <value/>
          </Data>
          <Data name="Language">
            <value/>
          </Data>
          <Data name="Latitude">
            <value>46.5666887</value>
          </Data>
          <Data name="Longitude">
            <value>-72.2111018</value>
          </Data>
        </ExtendedData>
      </Placemark>
      <Placemark>
        <name>Casse-Croûte Madame Patate</name>
        <address>1265, Route 343 Sainte-Marcelline-de-Kildare QC J0K 2Y0</address>
        <description><![CDATA[Contact person: <br>Contact number: <br>Notes: <br>designation: P1-044<br>Propriétaire: Casse-Croûte Madame Patate<br>APPEL: <br>PRENOM: <br>ADRESSE: 1265, Route 343<br>MUNICIPALITE: Sainte-Marcelline-de-Kildare<br>PROVINCE: QC<br>CODE_POSTAL: J0K 2Y0<br>TEL_RES: <br>CELLULAIRE: <br>TEL_BUR: 418 555-0150<br>TELECOPIEUR: <br>COURRIEL: <br>Visit date: <br>Call date: <br>call result: <br>Language: <br>Latitude: 46.135<br>Longitude: -73.642]]></description>
        <styleUrl>#icon-1899-0288D1</styleUrl>
        <ExtendedData>
          <Data name="Contact person">
            <value/>
          </Data>
          <Data name="Contact number">
            <value/>
          </Data>
          <Data name="Notes">
            <value/>
          </Data>
          <Data name="designation">
            <value>P1-044</value>
          </Data>
          <Data name="Propriétaire">
            <value>Casse-Croûte Madame Patate</value>
          </Data>
          <Data name="APPEL">
            <value/>
          </Data>
          <Data name="PRENOM">
            <value/>
          </Data>
          <Data name="ADRESSE">
            <value>1265, Route 343</value>
          </Data>
          <Data name="MUNICIPALITE">
            <value>Sainte-Marcelline-de-Kildare</value>
          </Data>
          <Data name="PROVINCE">
            <value>QC</value>
          </Data>
          <Data name="CODE_POSTAL">
            <value>J0K 2Y0</value>
          </Data>
          <Data name="TEL_RES">
            <value/>
          </Data>
          <Data name="CELLULAIRE">
            <value/>
          </Data>
          <Data name="TEL_BUR">
            <value>418 555-0150</value>
          </Data>
          <Data name="TELECOPIEUR">
            <value/>
          </Data>
          <Data name="COURRIEL">
            <value/>
          </Data>
          <Data name="Visit date">
            <value/>
          </Data>
          <Data name="Call date">
            <value/>
          </Data>
          <Data name="call result">
            <value/>
          </Data>
          <Data name="Language">
            <value/>
          </Data>
          <Data name="Latitude">
            <value>46.1350024</value>
          </Data>
          <Data name="Longitude">
            <value>-73.642398</value>
          </Data>
        </ExtendedData>
      </Placemark>
      <Placemark>
        <name><![CDATA[Casse-croute - L'Ami du passant]]></name>
        <address>667, Avenue de Grand-Mère Shawinigan QC G9T 2H6</address>
        <description><![CDATA[Contact person: <br>Contact number: <br>Notes: <br>designation: P1-045<br>Propriétaire: Casse-croute - L'Ami du passant<br>APPEL: <br>PRENOM: <br>ADRESSE: 667, Avenue de Grand-Mère<br>MUNICIPALITE: Shawinigan<br>PROVINCE: QC<br>CODE_POSTAL: G9T 2H6<br>TEL_RES: <br>CELLULAIRE: <br>TEL_BUR: 418 555-0151<br>TELECOPIEUR: <br>COURRIEL: <br>Visit date: <br>Call date: <br>call result: <br>Language: <br>Latitude: 46.614<br>Longitude: -72.693]]></description>
        <styleUrl>#icon-1899-0288D1</styleUrl>
        <ExtendedData>
          <Data name="Contact person">
            <value/>
          </Data>
          <Data name="Contact number">
            <value/>
          </Data>
          <Data name="Notes">
            <value/>
          </Data>
          <Data name="designation">
            <value>P1-045</value>
          </Data>
          <Data name="Propriétaire">
            <value><![CDATA[Casse-croute - L'Ami du passant]]></value>
          </Data>
          <Data name="APPEL">
            <value/>
          </Data>
          <Data name="PRENOM">
            <value/>
          </Data>
          <Data name="ADRESSE">
            <value>667, Avenue de Grand-Mère</value>
          </Data>
          <Data name="MUNICIPALITE">
            <value>Shawinigan</value>
          </Data>
          <Data name="PROVINCE">
            <value>QC</value>
          </Data>
          <Data name="CODE_POSTAL">
            <value>G9T 2H6</value>
          </Data>
          <Data name="TEL_RES">
            <value/>
          </Data>
          <Data name="CELLULAIRE">
            <value/>
          </Data>
          <Data name="TEL_BUR">
            <value>418 555-0151</value>
          </Data>
          <Data name="TELECOPIEUR">
            <value/>
          </Data>
          <Data name="COURRIEL">
            <value/>
          </Data>
          <Data name="Visit date">
            <value/>
          </Data>
          <Data name="Call date">
            <value/>
          </Data>
          <Data name="call result">
            <value/>
          </Data>
          <Data name="Language">
            <value/>
          </Data>
          <Data name="Latitude">
            <value>46.6143024</value>
          </Data>
          <Data name="Longitude">
            <value>-72.6926225</value>
          </Data>
        </ExtendedData>
      </Placemark>
      <Placemark>
        <name>Casse-Croûte St-Marc</name>
        <address>2122, Avenue Saint-Marc Shawinigan QC G9N 2J3</address>
        <description><![CDATA[Contact person: <br>Contact number: <br>Notes: <br>designation: P1-045<br>Propriétaire: Casse-Croûte St-Marc<br>APPEL: <br>PRENOM: <br>ADRESSE: 2122, Avenue Saint-Marc<br>MUNICIPALITE: Shawinigan<br>PROVINCE: QC<br>CODE_POSTAL: G9N 2J3<br>TEL_RES: <br>CELLULAIRE: <br>TEL_BUR: 418 555-0152<br>TELECOPIEUR: <br>COURRIEL: <br>Visit date: <br>Call date: <br>call result: <br>Language: <br>Latitude: 46.554<br>Longitude: -72.742]]></description>
        <styleUrl>#icon-1899-0288D1</styleUrl>
        <ExtendedData>
          <Data name="Contact person">
            <value/>
          </Data>
          <Data name="Contact number">
            <value/>
          </Data>
          <Data name="Notes">
            <value/>
          </Data>
          <Data name="designation">
            <value>P1-045</value>
          </Data>
          <Data name="Propriétaire">
            <value>Casse-Croûte St-Marc</value>
          </Data>
          <Data name="APPEL">
            <value/>
          </Data>
          <Data name="PRENOM">
            <value/>
          </Data>
          <Data name="ADRESSE">
            <value>2122, Avenue Saint-Marc</value>
          </Data>
          <Data name="MUNICIPALITE">
            <value>Shawinigan</value>
          </Data>
          <Data name="PROVINCE">
            <value>QC</value>
          </Data>
          <Data name="CODE_POSTAL">
            <value>G9N 2J3</value>
          </Data>
          <Data name="TEL_RES">
            <value/>
          </Data>
          <Data name="CELLULAIRE">
            <value/>
          </Data>
          <Data name="TEL_BUR">
            <value>418 555-0152</value>
          </Data>
          <Data name="TELECOPIEUR">
            <value/>
          </Data>
          <Data name="COURRIEL">
            <value/>
          </Data>
          <Data name="Visit date">
            <value/>
          </Data>
          <Data name="Call date">
            <value/>
          </Data>
          <Data name="call result">
            <value/>
          </Data>
          <Data name="Language">
            <value/>
          </Data>
          <Data name="Latitude">
            <value>46.5541102</value>
          </Data>
          <Data name="Longitude">
            <value>-72.7415748</value>
          </Data>
        </ExtendedData>
      </Placemark>
      <Placemark>
        <name>Casse-Croûte Jo-Bine</name>
        <address>4294, Boulevard de Shawinigan-Sud Shawinigan QC G9P 4G2</address>
        <description><![CDATA[Contact person: <br>Contact number: <br>Notes: <br>designation: P1-046<br>Propriétaire: Casse-Croûte Jo-Bine<br>APPEL: <br>PRENOM: <br>ADRESSE: 4294, Boulevard de Shawinigan-Sud<br>MUNICIPALITE: Shawinigan<br>PROVINCE: QC<br>CODE_POSTAL: G9P 4G2<br>TEL_RES: <br>CELLULAIRE: <br>TEL_BUR: 418 555-0153<br>TELECOPIEUR: <br>COURRIEL: <br>Visit date: <br>Call date: <br>call result: <br>Language: <br>Latitude: 46.502<br>Longitude: -72.727]]></description>
        <styleUrl>#icon-1899-0288D1</styleUrl>
        <ExtendedData>
          <Data name="Contact person">
            <value/>
          </Data>
          <Data name="Contact number">
            <value/>
          </Data>
          <Data name="Notes">
            <value/>
          </Data>
          <Data name="designation">
            <value>P1-046</value>
          </Data>
          <Data name="Propriétaire">
            <value>Casse-Croûte Jo-Bine</value>
          </Data>
          <Data name="APPEL">
            <value/>
          </Data>
          <Data name="PRENOM">
            <value/>
          </Data>
          <Data name="ADRESSE">
            <value>4294, Boulevard de Shawinigan-Sud</value>
          </Data>
          <Data name="MUNICIPALITE">
            <value>Shawinigan</value>
          </Data>
          <Data name="PROVINCE">
            <value>QC</value>
          </Data>
          <Data name="CODE_POSTAL">
            <value>G9P 4G2</value>
          </Data>
          <Data name="TEL_RES">
            <value/>
          </Data>
          <Data name="CELLULAIRE">
            <value/>
          </Data>
          <Data name="TEL_BUR">
            <value>418 555-0153</value>
          </Data>
          <Data name="TELECOPIEUR">
            <value/>
          </Data>
          <Data name="COURRIEL">
            <value/>
          </Data>
          <Data name="Visit date">
            <value/>
          </Data>
          <Data name="Call date">
            <value/>
          </Data>
          <Data name="call result">
            <value/>
          </Data>
          <Data name="Language">
            <value/>
          </Data>
          <Data name="Latitude">
            <value>46.5020034</value>
          </Data>
          <Data name="Longitude">
            <value>-72.7267342</value>
          </Data>
        </ExtendedData>
      </Placemark>
      <Placemark>
        <name><![CDATA[Cantine & Bar Laitier Le Bouche-Trou]]></name>
        <address>11, Route 137 Sud Ste-Céclie-de-Milton QC J0E 2C0</address>
        <description><![CDATA[Contact person: <br>Contact number: <br>Notes: Fermé le lundi<br>designation: P1-047<br>Propriétaire: Cantine & Bar Laitier Le Bouche-Trou<br>APPEL: <br>PRENOM: <br>ADRESSE: 11, Route 137 Sud<br>MUNICIPALITE: Ste-Céclie-de-Milton<br>PROVINCE: QC<br>CODE_POSTAL: J0E 2C0<br>TEL_RES: <br>CELLULAIRE: <br>TEL_BUR: 418 555-0154<br>TELECOPIEUR: <br>COURRIEL: <br>Visit date: <br>Call date: <br>call result: <br>Language: <br>Latitude: 45.483<br>Longitude: -72.759]]></description>
        <styleUrl>#icon-1899-0288D1</styleUrl>
        <ExtendedData>
          <Data name="Contact person">
            <value/>
          </Data>
          <Data name="Contact number">
            <value/>
          </Data>
          <Data name="Notes">
            <value>Fermé le lundi</value>
          </Data>
          <Data name="designation">
            <value>P1-047</value>
          </Data>
          <Data name="Propriétaire">
            <value><![CDATA[Cantine & Bar Laitier Le Bouche-Trou]]></value>
          </Data>
          <Data name="APPEL">
            <value/>
          </Data>
          <Data name="PRENOM">
            <value/>
          </Data>
          <Data name="ADRESSE">
            <value>11, Route 137 Sud</value>
          </Data>
          <Data name="MUNICIPALITE">
            <value>Ste-Céclie-de-Milton</value>
          </Data>
          <Data name="PROVINCE">
            <value>QC</value>
          </Data>
          <Data name="CODE_POSTAL">
            <value>J0E 2C0</value>
          </Data>
          <Data name="TEL_RES">
            <value/>
          </Data>
          <Data name="CELLULAIRE">
            <value/>
          </Data>
          <Data name="TEL_BUR">
            <value>418 555-0154</value>
          </Data>
          <Data name="TELECOPIEUR">
            <value/>
          </Data>
          <Data name="COURRIEL">
            <value/>
          </Data>
          <Data name="Visit date">
            <value/>
          </Data>
          <Data name="Call date">
            <value/>
          </Data>
          <Data name="call result">
            <value/>
          </Data>
          <Data name="Language">
            <value/>
          </Data>
          <Data name="Latitude">
            <value>45.4827974</value>
          </Data>
          <Data name="Longitude">
            <value>-72.7588504</value>
          </Data>
        </ExtendedData>
      </Placemark>
      <Placemark>
        <name>Casse-Croûte La Fringale</name>
        <address>470, Route 309 Val-des-Bois QC</address>
        <description><![CDATA[Contact person: <br>Contact number: <br>Notes: <br>designation: P1-048<br>Propriétaire: Casse-Croûte La Fringale<br>APPEL: <br>PRENOM: <br>ADRESSE: 470, Route 309<br>MUNICIPALITE: Val-des-Bois<br>PROVINCE: QC<br>CODE_POSTAL: <br>TEL_RES: <br>CELLULAIRE: <br>TEL_BUR: 418 555-0155<br>TELECOPIEUR: <br>COURRIEL: <br>Visit date: <br>Call date: <br>call result: <br>Language: <br>Latitude: 45.899<br>Longitude: -75.605]]></description>
        <styleUrl>#icon-1899-0288D1</styleUrl>
        <ExtendedData>
          <Data name="Contact person">
            <value/>
          </Data>
          <Data name="Contact number">
            <value/>
          </Data>
          <Data name="Notes">
            <value/>
          </Data>
          <Data name="designation">
            <value>P1-048</value>
          </Data>
          <Data name="Propriétaire">
            <value>Casse-Croûte La Fringale</value>
          </Data>
          <Data name="APPEL">
            <value/>
          </Data>
          <Data name="PRENOM">
            <value/>
          </Data>
          <Data name="ADRESSE">
            <value>470, Route 309</value>
          </Data>
          <Data name="MUNICIPALITE">
            <value>Val-des-Bois</value>
          </Data>
          <Data name="PROVINCE">
            <value>QC</value>
          </Data>
          <Data name="CODE_POSTAL">
            <value/>
          </Data>
          <Data name="TEL_RES">
            <value/>
          </Data>
          <Data name="CELLULAIRE">
            <value/>
          </Data>
          <Data name="TEL_BUR">
            <value>418 555-0155</value>
          </Data>
          <Data name="TELECOPIEUR">
            <value/>
          </Data>
          <Data name="COURRIEL">
            <value/>
          </Data>
          <Data name="Visit date">
            <value/>
          </Data>
          <Data name="Call date">
            <value/>
          </Data>
          <Data name="call result">
            <value/>
          </Data>
          <Data name="Language">
            <value/>
          </Data>
          <Data name="Latitude">
            <value>45.8987809</value>
          </Data>
          <Data name="Longitude">
            <value>-75.6050876</value>
          </Data>
        </ExtendedData>
      </Placemark>
    </Folder>
    <Folder>
      <name>Poutine et patates.xlsx</name>
      <Placemark>
        <name>Cantine La Poutine Du Bonheur</name>
        <address>135, Rue Saint-Jacques Nord Causapscal QC G0J 1J0</address>
        <description><![CDATA[Contact person: <br>Contact number: <br>Notes: <br>NUM designation: P2-001<br>APPEL: <br>PRENOM: <br>NOM: Cantine La Poutine Du Bonheur<br>ADRESSE: 135, Rue Saint-Jacques Nord<br>MUNICIPALITE: Causapscal<br>PROVINCE: QC<br>CODE_POSTAL: G0J 1J0<br>TEL_RES: <br>CELLULAIRE: <br>TEL_BUR: 450 555-0101<br>TELECOPIEUR: <br>COURRIEL: <br>Visit date: <br>Package status: <br>Call date: <br>call result: <br>Language: <br>Latitude: 48.358<br>Longitude: -67.226]]></description>
        <styleUrl>#icon-1899-0288D1</styleUrl>
        <ExtendedData>
          <Data name="Contact person">
            <value/>
          </Data>
          <Data name="Contact number">
            <value/>
          </Data>
          <Data name="Notes">
            <value/>
          </Data>
          <Data name="NUM designation">
            <value>P2-001</value>
          </Data>
          <Data name="APPEL">
            <value/>
          </Data>
          <Data name="PRENOM">
            <value/>
          </Data>
          <Data name="NOM">
            <value>Cantine La Poutine Du Bonheur</value>
          </Data>
          <Data name="ADRESSE">
            <value>135, Rue Saint-Jacques Nord</value>
          </Data>
          <Data name="MUNICIPALITE">
            <value>Causapscal</value>
          </Data>
          <Data name="PROVINCE">
            <value>QC</value>
          </Data>
          <Data name="CODE_POSTAL">
            <value>G0J 1J0</value>
          </Data>
          <Data name="TEL_RES">
            <value/>
          </Data>
          <Data name="CELLULAIRE">
            <value/>
          </Data>
          <Data name="TEL_BUR">
            <value>450 555-0101</value>
          </Data>
          <Data name="TELECOPIEUR">
            <value/>
          </Data>
          <Data name="COURRIEL">
            <value/>
          </Data>
          <Data name="Visit date">
            <value/>
          </Data>
          <Data name="Package status">
            <value/>
          </Data>
          <Data name="Call date">
            <value/>
          </Data>
          <Data name="call result">
            <value/>
          </Data>
          <Data name="Language">
            <value/>
          </Data>
          <Data name="Latitude">
            <value>48.3582357</value>
          </Data>
          <Data name="Longitude">
            <value>-67.2261379</value>
          </Data>
        </ExtendedData>
      </Placemark>
      <Placemark>
        <name>Patate Attack</name>
        <address>1141, Rue des Chênes Contrecoeur QC J0L 1C0</address>
        <description><![CDATA[Contact person: <br>Contact number: <br>Notes: <br>NUM designation: P2-002<br>APPEL: <br>PRENOM: <br>NOM: Patate Attack<br>ADRESSE: 1141, Rue des Chênes<br>MUNICIPALITE: Contrecoeur<br>PROVINCE: QC<br>CODE_POSTAL: J0L 1C0<br>TEL_RES: <br>CELLULAIRE: <br>TEL_BUR: 450 555-0102<br>TELECOPIEUR: <br>COURRIEL: <br>Visit date: <br>Package status: <br>Call date: <br>call result: <br>Language: <br>Latitude: 45.857<br>Longitude: -73.23]]></description>
        <styleUrl>#icon-1899-0288D1</styleUrl>
        <ExtendedData>
          <Data name="Contact person">
            <value/>
          </Data>
          <Data name="Contact number">
            <value/>
          </Data>
          <Data name="Notes">
            <value/>
          </Data>
          <Data name="NUM designation">
            <value>P2-002</value>
          </Data>
          <Data name="APPEL">
            <value/>
          </Data>
          <Data name="PRENOM">
            <value/>
          </Data>
          <Data name="NOM">
            <value>Patate Attack</value>
          </Data>
          <Data name="ADRESSE">
            <value>1141, Rue des Chênes</value>
          </Data>
          <Data name="MUNICIPALITE">
            <value>Contrecoeur</value>
          </Data>
          <Data name="PROVINCE">
            <value>QC</value>
          </Data>
          <Data name="CODE_POSTAL">
            <value>J0L 1C0</value>
          </Data>
          <Data name="TEL_RES">
            <value/>
          </Data>
          <Data name="CELLULAIRE">
            <value/>
          </Data>
          <Data name="TEL_BUR">
            <value>450 555-0102</value>
          </Data>
          <Data name="TELECOPIEUR">
            <value/>
          </Data>
          <Data name="COURRIEL">
            <value/>
          </Data>
          <Data name="Visit date">
            <value/>
          </Data>
          <Data name="Package status">
            <value/>
          </Data>
          <Data name="Call date">
            <value/>
          </Data>
          <Data name="call result">
            <value/>
          </Data>
          <Data name="Language">
            <value/>
          </Data>
          <Data name="Latitude">
            <value>45.8565189</value>
          </Data>
          <Data name="Longitude">
            <value>-73.2300227</value>
          </Data>
        </ExtendedData>
      </Placemark>
      <Placemark>
        <name>La Patata Glacee</name>
        <address>9, Boulevard de Lucerne Gatineau QC</address>
        <description><![CDATA[Contact person: <br>Contact number: <br>Notes: <br>NUM designation: P2-003<br>APPEL: <br>PRENOM: <br>NOM: La Patata Glacee<br>ADRESSE: 9, Boulevard de Lucerne<br>MUNICIPALITE: Gatineau<br>PROVINCE: QC<br>CODE_POSTAL: <br>TEL_RES: <br>CELLULAIRE: <br>TEL_BUR: 450 555-0103<br>TELECOPIEUR: <br>COURRIEL: <br>Visit date: <br>Package status: <br>Call date: <br>call result: <br>Language: <br>Latitude: 45.386<br>Longitude: -75.809]]></description>
        <styleUrl>#icon-1899-0288D1</styleUrl>
        <ExtendedData>
          <Data name="Contact person">
            <value/>
          </Data>
          <Data name="Contact number">
            <value/>
          </Data>
          <Data name="Notes">
            <value/>
          </Data>
          <Data name="NUM designation">
            <value>P2-003</value>
          </Data>
          <Data name="APPEL">
            <value/>
          </Data>
          <Data name="PRENOM">
            <value/>
          </Data>
          <Data name="NOM">
            <value>La Patata Glacee</value>
          </Data>
          <Data name="ADRESSE">
            <value>9, Boulevard de Lucerne</value>
          </Data>
          <Data name="MUNICIPALITE">
            <value>Gatineau</value>
          </Data>
          <Data name="PROVINCE">
            <value>QC</value>
          </Data>
          <Data name="CODE_POSTAL">
            <value/>
          </Data>
          <Data name="TEL_RES">
            <value/>
          </Data>
          <Data name="CELLULAIRE">
            <value/>
          </Data>
          <Data name="TEL_BUR">
            <value>450 555-0103</value>
          </Data>
          <Data name="TELECOPIEUR">
            <value/>
          </Data>
          <Data name="COURRIEL">
            <value/>
          </Data>
          <Data name="Visit date">
            <value/>
          </Data>
          <Data name="Package status">
            <value/>
          </Data>
          <Data name="Call date">
            <value/>
          </Data>
          <Data name="call result">
            <value/>
          </Data>
          <Data name="Language">
            <value/>
          </Data>
          <Data name="Latitude">
            <value>45.3857154</value>
          </Data>
          <Data name="Longitude">
            <value>-75.8086006</value>
          </Data>
        </ExtendedData>
      </Placemark>
      <Placemark>
        <name>Coco Frite</name>
        <address>1195, Boulevard Maloney Est Gatineau QC J8P 1J1</address>
        <description><![CDATA[Contact person: <br>Contact number: <br>Notes: <br>NUM designation: P2-003<br>APPEL: <br>PRENOM: <br>NOM: Coco Frite<br>ADRESSE: 1195, Boulevard Maloney Est<br>MUNICIPALITE: Gatineau<br>PROVINCE: QC<br>CODE_POSTAL: J8P 1J1<br>TEL_RES: <br>CELLULAIRE: <br>TEL_BUR: 450 555-0104<br>TELECOPIEUR: <br>COURRIEL: <br>Visit date: <br>Package status: <br>Call date: <br>call result: <br>Language: <br>Latitude: 45.494<br>Longitude: -75.583]]></description>
        <styleUrl>#icon-1899-0288D1</styleUrl>
        <ExtendedData>
          <Data name="Contact person">
            <value/>
          </Data>
          <Data name="Contact number">
            <value/>
          </Data>
          <Data name="Notes">
            <value/>
          </Data>
          <Data name="NUM designation">
            <value>P2-003</value>
          </Data>
          <Data name="APPEL">
            <value/>
          </Data>
          <Data name="PRENOM">
            <value/>
          </Data>
          <Data name="NOM">
            <value>Coco Frite</value>
          </Data>
          <Data name="ADRESSE">
            <value>1195, Boulevard Maloney Est</value>
          </Data>
          <Data name="MUNICIPALITE">
            <value>Gatineau</value>
          </Data>
          <Data name="PROVINCE">
            <value>QC</value>
          </Data>
          <Data name="CODE_POSTAL">
            <value>J8P 1J1</value>
          </Data>
          <Data name="TEL_RES">
            <value/>
          </Data>
          <Data name="CELLULAIRE">
            <value/>
          </Data>
          <Data name="TEL_BUR">
            <value>450 555-0104</value>
          </Data>
          <Data name="TELECOPIEUR">
            <value/>
          </Data>
          <Data name="COURRIEL">
            <value/>
          </Data>
          <Data name="Visit date">
            <value/>
          </Data>
          <Data name="Package status">
            <value/>
          </Data>
          <Data name="Call date">
            <value/>
          </Data>
          <Data name="call result">
            <value/>
          </Data>
          <Data name="Language">
            <value/>
          </Data>
          <Data name="Latitude">
            <value>45.4937155</value>
          </Data>
          <Data name="Longitude">
            <value>-75.5833465</value>
          </Data>
        </ExtendedData>
      </Placemark>
      <Placemark>
        <name>Réjean Patate</name>
        <address>204, Boulevard Saint-Joseph Gatineau QC J8Y 3W9</address>
        <description><![CDATA[Contact person: <br>Contact number: <br>Notes: Terrasse l’été<br>NUM designation: P2-004<br>APPEL: <br>PRENOM: <br>NOM: Réjean Patate<br>ADRESSE: 204, Boulevard Saint-Joseph<br>MUNICIPALITE: Gatineau<br>PROVINCE: QC<br>CODE_POSTAL: J8Y 3W9<br>TEL_RES: <br>CELLULAIRE: <br>TEL_BUR: 450 555-0105<br>TELECOPIEUR: <br>COURRIEL: <br>Visit date: <br>Package status: <br>Call date: <br>call result: <br>Language: <br>Latitude: 45.434<br>Longitude: -75.733]]></description>
        <styleUrl>#icon-1899-0288D1</styleUrl>
        <ExtendedData>
          <Data name="Contact person">
            <value/>
          </Data>
          <Data name="Contact number">
            <value/>
          </Data>
          <Data name="Notes">
            <value>Terrasse l’été</value>
          </Data>
          <Data name="NUM designation">
            <value>P2-004</value>
          </Data>
          <Data name="APPEL">
            <value/>
          </Data>
          <Data name="PRENOM">
            <value/>
          </Data>
          <Data name="NOM">
            <value>Réjean Patate</value>
          </Data>
          <Data name="ADRESSE">
            <value>204, Boulevard Saint-Joseph</value>
          </Data>
          <Data name="MUNICIPALITE">
            <value>Gatineau</value>
          </Data>
          <Data name="PROVINCE">
            <value>QC</value>
          </Data>
          <Data name="CODE_POSTAL">
            <value>J8Y 3W9</value>
          </Data>
          <Data name="TEL_RES">
            <value/>
          </Data>
          <Data name="CELLULAIRE">
            <value/>
          </Data>
          <Data name="TEL_BUR">
            <value>450 555-0105</value>
          </Data>
          <Data name="TELECOPIEUR">
            <value/>
          </Data>
          <Data name="COURRIEL">
            <value/>
          </Data>
          <Data name="Visit date">
            <value/>
          </Data>
          <Data name="Package status">
            <value/>
          </Data>
          <Data name="Call date">
            <value/>
          </Data>
          <Data name="call result">
            <value/>
          </Data>
          <Data name="Language">
            <value/>
          </Data>
          <Data name="Latitude">
            <value>45.4342678</value>
          </Data>
          <Data name="Longitude">
            <value>-75.7329539</value>
          </Data>
        </ExtendedData>
      </Placemark>
      <Placemark>
        <name>La Pataterie Hulloise</name>
        <address>311, Boulevard Saint-Joseph Gatineau QC J8Y 3Y6</address>
        <description><![CDATA[Contact person: <br>Contact number: <br>Notes: <br>NUM designation: P2-004<br>APPEL: <br>PRENOM: <br>NOM: La Pataterie Hulloise<br>ADRESSE: 311, Boulevard Saint-Joseph<br>MUNICIPALITE: Gatineau<br>PROVINCE: QC<br>CODE_POSTAL: J8Y 3Y6<br>TEL_RES: <br>CELLULAIRE: <br>TEL_BUR: 450 555-0106<br>TELECOPIEUR: <br>COURRIEL: <br>Visit date: <br>Package status: <br>Call date: <br>call result: <br>Language: <br>Latitude: 45.44<br>Longitude: -75.733]]></description>
        <styleUrl>#icon-1899-0288D1</styleUrl>
        <ExtendedData>
          <Data name="Contact person">
            <value/>
          </Data>
          <Data name="Contact number">
            <value/>
          </Data>
          <Data name="Notes">
            <value/>
          </Data>
          <Data name="NUM designation">
            <value>P2-004</value>
          </Data>
          <Data name="APPEL">
            <value/>
          </Data>
          <Data name="PRENOM">
            <value/>
          </Data>
          <Data name="NOM">
            <value>La Pataterie Hulloise</value>
          </Data>
          <Data name="ADRESSE">
            <value>311, Boulevard Saint-Joseph</value>
          </Data>
          <Data name="MUNICIPALITE">
            <value>Gatineau</value>
          </Data>
          <Data name="PROVINCE">
            <value>QC</value>
          </Data>
          <Data name="CODE_POSTAL">
            <value>J8Y 3Y6</value>
          </Data>
          <Data name="TEL_RES">
            <value/>
          </Data>
          <Data name="CELLULAIRE">
            <value/>
          </Data>
          <Data name="TEL_BUR">
            <value>450 555-0106</value>
          </Data>
          <Data name="TELECOPIEUR">
            <value/>
          </Data>
          <Data name="COURRIEL">
            <value/>
          </Data>
          <Data name="Visit date">
            <value/>
          </Data>
          <Data name="Package status">
            <value/>
          </Data>
          <Data name="Call date">
            <value/>
          </Data>
          <Data name="call result">
            <value/>
          </Data>
          <Data name="Language">
            <value/>
          </Data>
          <Data name="Latitude">
            <value>45.4401764</value>
          </Data>
          <Data name="Longitude">
            <value>-75.7333235</value>
          </Data>
        </ExtendedData>
      </Placemark>
      <Placemark>
        <name>La Pataterie Hulloise</name>
        <address>311, Boulevard Saint-Joseph Gatineau QC J8Y 3Y6</address>
        <description><![CDATA[Contact person: <br>Contact number: <br>Notes: <br>NUM designation: P2-005<br>APPEL: <br>PRENOM: <br>NOM: La Pataterie Hulloise<br>ADRESSE: 311, Boulevard Saint-Joseph<br>MUNICIPALITE: Gatineau<br>PROVINCE: QC<br>CODE_POSTAL: J8Y 3Y6<br>TEL_RES: <br>CELLULAIRE: <br>TEL_BUR: 450 555-0107<br>TELECOPIEUR: <br>COURRIEL: <br>Visit date: <br>Package status: <br>Call date: <br>call result: <br>Language: <br>Latitude: 45.44<br>Longitude: -75.733]]></description>
        <styleUrl>#icon-1899-0288D1</styleUrl>
        <ExtendedData>
          <Data name="Contact person">
            <value/>
          </Data>
          <Data name="Contact number">
            <value/>
          </Data>
          <Data name="Notes">
            <value/>
          </Data>
          <Data name="NUM designation">
            <value>P2-005</value>
          </Data>
          <Data name="APPEL">
            <value/>
          </Data>
          <Data name="PRENOM">
            <value/>
          </Data>
          <Data name="NOM">
            <value>La Pataterie Hulloise</value>
          </Data>
          <Data name="ADRESSE">
            <value>311, Boulevard Saint-Joseph</value>
          </Data>
          <Data name="MUNICIPALITE">
            <value>Gatineau</value>
          </Data>
          <Data name="PROVINCE">
            <value>QC</value>
          </Data>
          <Data name="CODE_POSTAL">
            <value>J8Y 3Y6</value>
          </Data>
          <Data name="TEL_RES">
            <value/>
          </Data>
          <Data name="CELLULAIRE">
            <value/>
          </Data>
          <Data name="TEL_BUR">
            <value>450 555-0107</value>
          </Data>
          <Data name="TELECOPIEUR">
            <value/>
          </Data>
          <Data name="COURRIEL">
            <value/>
          </Data>
          <Data name="Visit date">
            <value/>
          </Data>
          <Data name="Package status">
            <value/>
          </Data>
          <Data name="Call date">
            <value/>
          </Data>
          <Data name="call result">
            <value/>
          </Data>
          <Data name="Language">
            <value/>
          </Data>
          <Data name="Latitude">
            <value>45.4401764</value>
          </Data>
          <Data name="Longitude">
            <value>-75.7333235</value>
          </Data>
        </ExtendedData>
      </Placemark>
      <Placemark>
        <name>Patate Lou Lou</name>
        <address>29, Chemin Eardley Gatineau QC J9H 4J9</address>
        <description><![CDATA[Contact person: <br>Contact number: <br>Notes: <br>NUM designation: P2-006<br>APPEL: <br>PRENOM: <br>NOM: Patate Lou Lou<br>ADRESSE: 29, Chemin Eardley<br>MUNICIPALITE: Gatineau<br>PROVINCE: QC<br>CODE_POSTAL: J9H 4J9<br>TEL_RES: <br>CELLULAIRE: <br>TEL_BUR: 450 555-0108<br>TELECOPIEUR: <br>COURRIEL: <br>Visit date: <br>Package status: <br>Call date: <br>call result: <br>Language: <br>Latitude: 45.397<br>Longitude: -75.848]]></description>
        <styleUrl>#icon-1899-0288D1</styleUrl>
        <ExtendedData>
          <Data name="Contact person">
            <value/>
          </Data>
          <Data name="Contact number">
            <value/>
          </Data>
          <Data name="Notes">
            <value/>
          </Data>
          <Data name="NUM designation">
            <value>P2-006</value>
          </Data>
          <Data name="APPEL">
            <value/>
          </Data>
          <Data name="PRENOM">
            <value/>
          </Data>
          <Data name="NOM">
            <value>Patate Lou Lou</value>
          </Data>
          <Data name="ADRESSE">
            <value>29, Chemin Eardley</value>
          </Data>
          <Data name="MUNICIPALITE">
            <value>Gatineau</value>
          </Data>
          <Data name="PROVINCE">
            <value>QC</value>
          </Data>
          <Data name="CODE_POSTAL">
            <value>J9H 4J9</value>
          </Data>
          <Data name="TEL_RES">
            <value/>
          </Data>
          <Data name="CELLULAIRE">
            <value/>
          </Data>
          <Data name="TEL_BUR">
            <value>450 555-0108</value>
          </Data>
          <Data name="TELECOPIEUR">
            <value/>
          </Data>
          <Data name="COURRIEL">
            <value/>
          </Data>
          <Data name="Visit date">
            <value/>
          </Data>
          <Data name="Package status">
            <value/>
          </Data>
          <Data name="Call date">
            <value/>
          </Data>
          <Data name="call result">
            <value/>
          </Data>
          <Data name="Language">
            <value/>
          </Data>
          <Data name="Latitude">
            <value>45.3971775</value>
          </Data>
          <Data name="Longitude">
            <value>-75.8475867</value>
          </Data>
        </ExtendedData>
      </Placemark>
      <Placemark>
        <name>La Patate Dorée</name>
        <address>157, Rue Eddy Gatineau QC J8X 2W7</address>
        <description><![CDATA[Contact person: <br>Contact number: <br>Notes: <br>NUM designation: P2-006<br>APPEL: <br>PRENOM: <br>NOM: La Patate Dorée<br>ADRESSE: 157, Rue Eddy<br>MUNICIPALITE: Gatineau<br>PROVINCE: QC<br>CODE_POSTAL: J8X 2W7<br>TEL_RES: <br>CELLULAIRE: <br>TEL_BUR: 450 555-0109<br>TELECOPIEUR: <br>COURRIEL: <br>Visit date: <br>Package status: <br>Call date: <br>call result: <br>Language: <br>Latitude: 45.43<br>Longitude: -75.72]]></description>
        <styleUrl>#icon-1899-0288D1</styleUrl>
        <ExtendedData>
          <Data name="Contact person">
            <value/>
          </Data>
          <Data name="Contact number">
            <value/>
          </Data>
          <Data name="Notes">
            <value/>
          </Data>
          <Data name="NUM designation">
            <value>P2-006</value>
          </Data>
          <Data name="APPEL">
            <value/>
          </Data>
          <Data name="PRENOM">
            <value/>
          </Data>
          <Data name="NOM">
            <value>La Patate Dorée</value>
          </Data>
          <Data name="ADRESSE">
            <value>157, Rue Eddy</value>
          </Data>
          <Data name="MUNICIPALITE">
            <value>Gatineau</value>
          </Data>
          <Data name="PROVINCE">
            <value>QC</value>
          </Data>
          <Data name="CODE_POSTAL">
            <value>J8X 2W7</value>
          </Data>
          <Data name="TEL_RES">
            <value/>
          </Data>
          <Data name="CELLULAIRE">
            <value/>
          </Data>
          <Data name="TEL_BUR">
            <value>450 555-0109</value>
          </Data>
          <Data name="TELECOPIEUR">
            <value/>
          </Data>
          <Data name="COURRIEL">
            <value/>
          </Data>
          <Data name="Visit date">
            <value/>
          </Data>
          <Data name="Package status">
            <value/>
          </Data>
          <Data name="Call date">
            <value/>
          </Data>
          <Data name="call result">
            <value/>
          </Data>
          <Data name="Language">
            <value/>
          </Data>
          <Data name="Latitude">
            <value>45.4302522</value>
          </Data>
          <Data name="Longitude">
            <value>-75.7204845</value>
          </Data>
        </ExtendedData>
      </Placemark>
      <Placemark>
        <name>Le Roi des Patates Frites</name>
        <address>120, Rue Maclaren Ouest Gatineau QC J8L 1K1</address>
        <description><![CDATA[Contact person: <br>Contact number: <br>Notes: <br>NUM designation: P2-007<br>APPEL: <br>PRENOM: <br>NOM: Le Roi des Patates Frites<br>ADRESSE: 120, Rue Maclaren Ouest<br>MUNICIPALITE: Gatineau<br>PROVINCE: QC<br>CODE_POSTAL: J8L 1K1<br>TEL_RES: <br>CELLULAIRE: <br>TEL_BUR: 450 555-0110<br>TELECOPIEUR: <br>COURRIEL: <br>Visit date: <br>Package status: <br>Call date: <br>call result: <br>Language: <br>Latitude: 45.587<br>Longitude: -75.415]]></description>
        <styleUrl>#icon-1899-0288D1</styleUrl>
        <ExtendedData>
          <Data name="Contact person">
            <value/>
          </Data>
          <Data name="Contact number">
            <value/>
          </Data>
          <Data name="Notes">
            <value/>
          </Data>
          <Data name="NUM designation">
            <value>P2-007</value>
          </Data>
          <Data name="APPEL">
            <value/>
          </Data>
          <Data name="PRENOM">
            <value/>
          </Data>
          <Data name="NOM">
            <value>Le Roi des Patates Frites</value>
          </Data>
          <Data name="ADRESSE">
            <value>120, Rue Maclaren Ouest</value>
          </Data>
          <Data name="MUNICIPALITE">
            <value>Gatineau</value>
          </Data>
          <Data name="PROVINCE">
            <value>QC</value>
          </Data>
          <Data name="CODE_POSTAL">
            <value>J8L 1K1</value>
          </Data>
          <Data name="TEL_RES">
            <value/>
          </Data>
          <Data name="CELLULAIRE">
            <value/>
          </Data>
          <Data name="TEL_BUR">
            <value>450 555-0110</value>
          </Data>
          <Data name="TELECOPIEUR">
            <value/>
          </Data>
          <Data name="COURRIEL">
            <value/>
          </Data>
          <Data name="Visit date">
            <value/>
          </Data>
          <Data name="Package status">
            <value/>
          </Data>
          <Data name="Call date">
            <value/>
          </Data>
          <Data name="call result">
            <value/>
          </Data>
          <Data name="Language">
            <value/>
          </Data>
          <Data name="Latitude">
            <value>45.5867395</value>
          </Data>
          <Data name="Longitude">
            <value>-75.4154355</value>
          </Data>
        </ExtendedData>
      </Placemark>
      <Placemark>
        <name>Gaga Patate</name>
        <address>1123, Rue Saint-Louis Gatineau QC J8T 2R8</address>
        <description><![CDATA[Contact person: <br>Contact number: <br>Notes: <br>NUM designation: P2-007<br>APPEL: <br>PRENOM: <br>NOM: Gaga Patate<br>ADRESSE: 1123, Rue Saint-Louis<br>MUNICIPALITE: Gatineau<br>PROVINCE: QC<br>CODE_POSTAL: J8T 2R8<br>TEL_RES: <br>CELLULAIRE: <br>TEL_BUR: 450 555-0111<br>TELECOPIEUR: <br>COURRIEL: <br>Visit date: <br>Package status: <br>Call date: <br>call result: <br>Language: <br>Latitude: 45.462<br>Longitude: -75.698]]></description>
        <styleUrl>#icon-1899-0288D1</styleUrl>
        <ExtendedData>
          <Data name="Contact person">
            <value/>
          </Data>
          <Data name="Contact number">
            <value/>
          </Data>
          <Data name="Notes">
            <value/>
          </Data>
          <Data name="NUM designation">
            <value>P2-007</value>
          </Data>
          <Data name="APPEL">
            <value/>
          </Data>
          <Data name="PRENOM">
            <value/>
          </Data>
          <Data name="NOM">
            <value>Gaga Patate</value>
          </Data>
          <Data name="ADRESSE">
            <value>1123, Rue Saint-Louis</value>
          </Data>
          <Data name="MUNICIPALITE">
            <value>Gatineau</value>
          </Data>
          <Data name="PROVINCE">
            <value>QC</value>
          </Data>
          <Data name="CODE_POSTAL">
            <value>J8T 2R8</value>
          </Data>
          <Data name="TEL_RES">
            <value/>
          </Data>
          <Data name="CELLULAIRE">
            <value/>
          </Data>
          <Data name="TEL_BUR">
            <value>450 555-0111</value>
          </Data>
          <Data name="TELECOPIEUR">
            <value/>
          </Data>
          <Data name="COURRIEL">
            <value/>
          </Data>
          <Data name="Visit date">
            <value/>
          </Data>
          <Data name="Package status">
            <value/>
          </Data>
          <Data name="Call date">
            <value/>
          </Data>
          <Data name="call result">
            <value/>
          </Data>
          <Data name="Language">
            <value/>
          </Data>
          <Data name="Latitude">
            <value>45.4620488</value>
          </Data>
          <Data name="Longitude">
            <value>-75.6981988</value>
          </Data>
        </ExtendedData>
      </Placemark>
      <Placemark>
        <name>Chez Bob Pataterie</name>
        <address>1180, Rue Saint-Louis Gatineau QC J8T 2L8</address>
        <description><![CDATA[Contact person: <br>Contact number: <br>Notes: <br>NUM designation: P2-008<br>APPEL: <br>PRENOM: <br>NOM: Chez Bob Pataterie<br>ADRESSE: 1180, Rue Saint-Louis<br>MUNICIPALITE: Gatineau<br>PROVINCE: QC<br>CODE_POSTAL: J8T 2L8<br>TEL_RES: <br>CELLULAIRE: <br>TEL_BUR: 450 555-0112<br>TELECOPIEUR: <br>COURRIEL: <br>Visit date: <br>Package status: <br>Call date: <br>call result: <br>Language: <br>Latitude: 45.461<br>Longitude: -75.701]]></description>
        <styleUrl>#icon-1899-0288D1</styleUrl>
        <ExtendedData>
          <Data name="Contact person">
            <value/>
          </Data>
          <Data name="Contact number">
            <value/>
          </Data>
          <Data name="Notes">
            <value/>
          </Data>
          <Data name="NUM designation">
            <value>P2-008</value>
          </Data>
          <Data name="APPEL">
            <value/>
          </Data>
          <Data name="PRENOM">
            <value/>
          </Data>
          <Data name="NOM">
            <value>Chez Bob Pataterie</value>
          </Data>
          <Data name="ADRESSE">
            <value>1180, Rue Saint-Louis</value>
          </Data>
          <Data name="MUNICIPALITE">
            <value>Gatineau</value>
          </Data>
          <Data name="PROVINCE">
            <value>QC</value>
          </Data>
          <Data name="CODE_POSTAL">
            <value>J8T 2L8</value>
          </Data>
          <Data name="TEL_RES">
            <value/>
          </Data>
          <Data name="CELLULAIRE">
            <value/>
          </Data>
          <Data name="TEL_BUR">
            <value>450 555-0112</value>
          </Data>
          <Data name="TELECOPIEUR">
            <value/>
          </Data>
          <Data name="COURRIEL">
            <value/>
          </Data>
          <Data name="Visit date">
            <value/>
          </Data>
          <Data name="Package status">
            <value/>
          </Data>
          <Data name="Call date">
            <value/>
          </Data>
          <Data name="call result">
            <value/>
          </Data>
          <Data name="Language">
            <value/>
          </Data>
          <Data name="Latitude">
            <value>45.4610203</value>
          </Data>
          <Data name="Longitude">
            <value>-75.700642</value>
          </Data>
        </ExtendedData>
      </Placemark>
      <Placemark>
        <name>Jos Patate</name>
        <address>21, Rue Maple Grenville QC J0V 1J0</address>
        <description><![CDATA[Contact person: <br>Contact number: <br>Notes: <br>NUM designation: P2-009<br>APPEL: <br>PRENOM: <br>NOM: Jos Patate<br>ADRESSE: 21, Rue Maple<br>MUNICIPALITE: Grenville<br>PROVINCE: QC<br>CODE_POSTAL: J0V 1J0<br>TEL_RES: <br>CELLULAIRE: <br>TEL_BUR: 450 555-0113<br>TELECOPIEUR: <br>COURRIEL: <br>Visit date: <br>Package status: <br>Call date: <br>call result: <br>Language: <br>Latitude: 45.623<br>Longitude: -74.594]]></description>
        <styleUrl>#icon-1899-0288D1</styleUrl>
        <ExtendedData>
          <Data name="Contact person">
            <value/>
          </Data>
          <Data name="Contact number">
            <value/>
          </Data>
          <Data name="Notes">
            <value/>
          </Data>
          <Data name="NUM designation">
            <value>P2-009</value>
          </Data>
          <Data name="APPEL">
            <value/>
          </Data>
          <Data name="PRENOM">
            <value/>
          </Data>
          <Data name="NOM">
            <value>Jos Patate</value>
          </Data>
          <Data name="ADRESSE">
            <value>21, Rue Maple</value>
          </Data>
          <Data name="MUNICIPALITE">
            <value>Grenville</value>
          </Data>
          <Data name="PROVINCE">
            <value>QC</value>
          </Data>
          <Data name="CODE_POSTAL">
            <value>J0V 1J0</value>
          </Data>
          <Data name="TEL_RES">
            <value/>
          </Data>
          <Data name="CELLULAIRE">
            <value/>
          </Data>
          <Data name="TEL_BUR">
            <value>450 555-0113</value>
          </Data>
          <Data name="TELECOPIEUR">
            <value/>
          </Data>
          <Data name="COURRIEL">
            <value/>
          </Data>
          <Data name="Visit date">
            <value/>
          </Data>
          <Data name="Package status">
            <value/>
          </Data>
          <Data name="Call date">
            <value/>
          </Data>
          <Data name="call result">
            <value/>
          </Data>
          <Data name="Language">
            <value/>
          </Data>
          <Data name="Latitude">
            <value>45.6227172</value>
          </Data>
          <Data name="Longitude">
            <value>-74.5935364</value>
          </Data>
        </ExtendedData>
      </Placemark>
      <Placemark>
        <name>Leblanc Patates</name>
        <address>56, Rue Châteauguay Huntingdon QC J0S 1H0</address>
        <description><![CDATA[Contact person: <br>Contact number: <br>Notes: <br>NUM designation: P2-010<br>APPEL: <br>PRENOM: <br>NOM: Leblanc Patates<br>ADRESSE: 56, Rue Châteauguay<br>MUNICIPALITE: Huntingdon<br>PROVINCE: QC<br>CODE_POSTAL: J0S 1H0<br>TEL_RES: <br>CELLULAIRE: <br>TEL_BUR: 450 555-0114<br>TELECOPIEUR: <br>COURRIEL: <br>Visit date: <br>Package status: <br>Call date: <br>call result: <br>Language: <br>Latitude: 45.088<br>Longitude: -74.173]]></description>
        <styleUrl>#icon-1899-0288D1</styleUrl>
        <ExtendedData>
          <Data name="Contact person">
            <value/>
          </Data>
          <Data name="Contact number">
            <value/>
          </Data>
          <Data name="Notes">
            <value/>
          </Data>
          <Data name="NUM designation">
            <value>P2-010</value>
          </Data>
          <Data name="APPEL">
            <value/>
          </Data>
          <Data name="PRENOM">
            <value/>
          </Data>
          <Data name="NOM">
            <value>Leblanc Patates</value>
          </Data>
          <Data name="ADRESSE">
            <value>56, Rue Châteauguay</value>
          </Data>
          <Data name="MUNICIPALITE">
            <value>Huntingdon</value>
          </Data>
          <Data name="PROVINCE">
            <value>QC</value>
          </Data>
          <Data name="CODE_POSTAL">
            <value>J0S 1H0</value>
          </Data>
          <Data name="TEL_RES">
            <value/>
          </Data>
          <Data name="CELLULAIRE">
            <value/>
          </Data>
          <Data name="TEL_BUR">
            <value>450 555-0114</value>
          </Data>
          <Data name="TELECOPIEUR">
            <value/>
          </Data>
          <Data name="COURRIEL">
            <value/>
          </Data>
          <Data name="Visit date">
            <value/>
          </Data>
          <Data name="Package status">
            <value/>
          </Data>
          <Data name="Call date">
            <value/>
          </Data>
          <Data name="call result">
            <value/>
          </Data>
          <Data name="Language">
            <value/>
          </Data>
          <Data name="Latitude">
            <value>45.0876078</value>
          </Data>
          <Data name="Longitude">
            <value>-74.1733019</value>
          </Data>
        </ExtendedData>
      </Placemark>
      <Placemark>
        <name><![CDATA[O'frites]]></name>
        <address>519, Rue Principale Lachute QC J8H 1Y6</address>
        <description><![CDATA[Contact person: <br>Contact number: <br>Notes: Fermé le lundi<br>NUM designation: P2-011<br>APPEL: <br>PRENOM: <br>NOM: O'frites<br>ADRESSE: 519, Rue Principale<br>MUNICIPALITE: Lachute<br>PROVINCE: QC<br>CODE_POSTAL: J8H 1Y6<br>TEL_RES: <br>CELLULAIRE: <br>TEL_BUR: 450 555-0115<br>TELECOPIEUR: <br>COURRIEL: <br>Visit date: <br>Package status: <br>Call date: <br>call result: <br>Language: <br>Latitude: 45.657<br>Longitude: -74.334]]></description>
        <styleUrl>#icon-1899-0288D1</styleUrl>
        <ExtendedData>
          <Data name="Contact person">
            <value/>
          </Data>
          <Data name="Contact number">
            <value/>
          </Data>
          <Data name="Notes">
            <value>Fermé le lundi</value>
          </Data>
          <Data name="NUM designation">
            <value>P2-011</value>
          </Data>
          <Data name="APPEL">
            <value/>
          </Data>
          <Data name="PRENOM">
            <value/>
          </Data>
          <Data name="NOM">
            <value><![CDATA[O'frites]]></value>
          </Data>
          <Data name="ADRESSE">
            <value>519, Rue Principale</value>
          </Data>
          <Data name="MUNICIPALITE">
            <value>Lachute</value>
          </Data>
          <Data name="PROVINCE">
            <value>QC</value>
          </Data>
          <Data name="CODE_POSTAL">
            <value>J8H 1Y6</value>
          </Data>
          <Data name="TEL_RES">
            <value/>
          </Data>
          <Data name="CELLULAIRE">
            <value/>
          </Data>
          <Data name="TEL_BUR">
            <value>450 555-0115</value>
          </Data>
          <Data name="TELECOPIEUR">
            <value/>
          </Data>
          <Data name="COURRIEL">
            <value/>
          </Data>
          <Data name="Visit date">
            <value/>
          </Data>
          <Data name="Package status">
            <value/>
          </Data>
          <Data name="Call date">
            <value/>
          </Data>
          <Data name="call result">
            <value/>
          </Data>
          <Data name="Language">
            <value/>
          </Data>
          <Data name="Latitude">
            <value>45.6571508</value>
          </Data>
          <Data name="Longitude">
            <value>-74.3342869</value>
          </Data>
        </ExtendedData>
      </Placemark>
      <Placemark>
        <name>Chez M. Patate</name>
        <address>8976, Rue Saint-Étienne Mirabel QC J7N 2S8</address>
        <description><![CDATA[Contact person: <br>Contact number: <br>Notes: <br>NUM designation: P2-012<br>APPEL: <br>PRENOM: <br>NOM: Chez M. Patate<br>ADRESSE: 8976, Rue Saint-Étienne<br>MUNICIPALITE: Mirabel<br>PROVINCE: QC<br>CODE_POSTAL: J7N 2S8<br>TEL_RES: <br>CELLULAIRE: <br>TEL_BUR: 450 555-0116<br>TELECOPIEUR: <br>COURRIEL: <br>Visit date: <br>Package status: <br>Call date: <br>call result: <br>Language: <br>Latitude: 45.57<br>Longitude: -74.101]]></description>
        <styleUrl>#icon-1899-0288D1</styleUrl>
        <ExtendedData>
          <Data name="Contact person">
            <value/>
          </Data>
          <Data name="Contact number">
            <value/>
          </Data>
          <Data name="Notes">
            <value/>
          </Data>
          <Data name="NUM designation">
            <value>P2-012</value>
          </Data>
          <Data name="APPEL">
            <value/>
          </Data>
          <Data name="PRENOM">
            <value/>
          </Data>
          <Data name="NOM">
            <value>Chez M. Patate</value>
          </Data>
          <Data name="ADRESSE">
            <value>8976, Rue Saint-Étienne</value>
          </Data>
          <Data name="MUNICIPALITE">
            <value>Mirabel</value>
          </Data>
          <Data name="PROVINCE">
            <value>QC</value>
          </Data>
          <Data name="CODE_POSTAL">
            <value>J7N 2S8</value>
          </Data>
          <Data name="TEL_RES">
            <value/>
          </Data>
          <Data name="CELLULAIRE">
            <value/>
          </Data>
          <Data name="TEL_BUR">
            <value>450 555-0116</value>
          </Data>
          <Data name="TELECOPIEUR">
            <value/>
          </Data>
          <Data name="COURRIEL">
            <value/>
          </Data>
          <Data name="Visit date">
            <value/>
          </Data>
          <Data name="Package status">
            <value/>
          </Data>
          <Data name="Call date">
            <value/>
          </Data>
          <Data name="call result">
            <value/>
          </Data>
          <Data name="Language">
            <value/>
          </Data>
          <Data name="Latitude">
            <value>45.5698723</value>
          </Data>
          <Data name="Longitude">
            <value>-74.1009659</value>
          </Data>
        </ExtendedData>
      </Placemark>
      <Placemark>
        <name>Frites Alors!</name>
        <address>5405, 9e Avenue Montréal QC</address>
        <description><![CDATA[Contact person: <br>Contact number: <br>Notes: <br>NUM designation: P2-013<br>APPEL: <br>PRENOM: <br>NOM: Frites Alors!<br>ADRESSE: 5405, 9e Avenue<br>MUNICIPALITE: Montréal<br>PROVINCE: QC<br>CODE_POSTAL: <br>TEL_RES: <br>CELLULAIRE: <br>TEL_BUR: 450 555-0117<br>TELECOPIEUR: <br>COURRIEL: <br>Visit date: <br>Package status: <br>Call date: <br>call result: <br>Language: <br>Latitude: 45.55<br>Longitude: -73.574]]></description>
        <styleUrl>#icon-1899-0288D1</styleUrl>
        <ExtendedData>
          <Data name="Contact person">
            <value/>
          </Data>
          <Data name="Contact number">
            <value/>
          </Data>
          <Data name="Notes">
            <value/>
          </Data>
          <Data name="NUM designation">
            <value>P2-013</value>
          </Data>
          <Data name="APPEL">
            <value/>
          </Data>
          <Data name="PRENOM">
            <value/>
          </Data>
          <Data name="NOM">
            <value>Frites Alors!</value>
          </Data>
          <Data name="ADRESSE">
            <value>5405, 9e Avenue</value>
          </Data>
          <Data name="MUNICIPALITE">
            <value>Montréal</value>
          </Data>
          <Data name="PROVINCE">
            <value>QC</value>
          </Data>
          <Data name="CODE_POSTAL">
            <value/>
          </Data>
          <Data name="TEL_RES">
            <value/>
          </Data>
          <Data name="CELLULAIRE">
            <value/>
          </Data>
          <Data name="TEL_BUR">
            <value>450 555-0117</value>
          </Data>
          <Data name="TELECOPIEUR">
            <value/>
          </Data>
          <Data name="COURRIEL">
            <value/>
          </Data>
          <Data name="Visit date">
            <value/>
          </Data>
          <Data name="Package status">
            <value/>
          </Data>
          <Data name="Call date">
            <value/>
          </Data>
          <Data name="call result">
            <value/>
          </Data>
          <Data name="Language">
            <value/>
          </Data>
          <Data name="Latitude">
            <value>45.5499455</value>
          </Data>
          <Data name="Longitude">
            <value>-73.5742407</value>
          </Data>
        </ExtendedData>
      </Placemark>
      <Placemark>
        <name>Patate rouge</name>
        <address>755, Boulevard Crémazie Est Montréal QC</address>
        <description><![CDATA[Contact person: <br>Contact number: <br>Notes: <br>NUM designation: P2-013<br>APPEL: <br>PRENOM: <br>NOM: Patate rouge<br>ADRESSE: 755, Boulevard Crémazie Est<br>MUNICIPALITE: Montréal<br>PROVINCE: QC<br>CODE_POSTAL: <br>TEL_RES: <br>CELLULAIRE: <br>TEL_BUR: 450 555-0118<br>TELECOPIEUR: <br>COURRIEL: <br>Visit date: <br>Package status: <br>Call date: <br>call result: <br>Language: <br>Latitude: 45.549<br>Longitude: -73.636]]></description>
        <styleUrl>#icon-1899-0288D1</styleUrl>
        <ExtendedData>
          <Data name="Contact person">
            <value/>
          </Data>
          <Data name="Contact number">
            <value/>
          </Data>
          <Data name="Notes">
            <value/>
          </Data>
          <Data name="NUM designation">
            <value>P2-013</value>
          </Data>
          <Data name="APPEL">
            <value/>
          </Data>
          <Data name="PRENOM">
            <value/>
          </Data>
          <Data name="NOM">
            <value>Patate rouge</value>
          </Data>
          <Data name="ADRESSE">
            <value>755, Boulevard Crémazie Est</value>
          </Data>
          <Data name="MUNICIPALITE">
            <value>Montréal</value>
          </Data>
          <Data name="PROVINCE">
            <value>QC</value>
          </Data>
          <Data name="CODE_POSTAL">
            <value/>
          </Data>
          <Data name="TEL_RES">
            <value/>
          </Data>
          <Data name="CELLULAIRE">
            <value/>
          </Data>
          <Data name="TEL_BUR">
            <value>450 555-0118</value>
          </Data>
          <Data name="TELECOPIEUR">
            <value/>
          </Data>
          <Data name="COURRIEL">
            <value/>
          </Data>
          <Data name="Visit date">
            <value/>
          </Data>
          <Data name="Package status">
            <value/>
          </Data>
          <Data name="Call date">
            <value/>
          </Data>
          <Data name="call result">
            <value/>
          </Data>
          <Data name="Language">
            <value/>
          </Data>
          <Data name="Latitude">
            <value>45.5489051</value>
          </Data>
          <Data name="Longitude">
            <value>-73.6362665</value>
          </Data>
        </ExtendedData>
      </Placemark>
      <Placemark>
        <name>Chez Ma Tante Patates Frites</name>
        <address>3180, Rue Fleury Est Montréal QC</address>
        <description><![CDATA[Contact person: <br>Contact number: <br>Notes: <br>NUM designation: P2-014<br>APPEL: <br>PRENOM: <br>NOM: Chez Ma Tante Patates Frites<br>ADRESSE: 3180, Rue Fleury Est<br>MUNICIPALITE: Montréal<br>PROVINCE: QC<br>CODE_POSTAL: <br>TEL_RES: <br>CELLULAIRE: <br>TEL_BUR: 450 555-0119<br>TELECOPIEUR: <br>COURRIEL: <br>Visit date: <br>Package status: <br>Call date: <br>call result: <br>Language: <br>Latitude: 45.579<br>Longitude: -73.644]]></description>
        <styleUrl>#icon-1899-0288D1</styleUrl>
        <ExtendedData>
          <Data name="Contact person">
            <value/>
          </Data>
          <Data name="Contact number">
            <value/>
          </Data>
          <Data name="Notes">
            <value/>
          </Data>
          <Data name="NUM designation">
            <value>P2-014</value>
          </Data>
          <Data name="APPEL">
            <value/>
          </Data>
          <Data name="PRENOM">
            <value/>
          </Data>
          <Data name="NOM">
            <value>Chez Ma Tante Patates Frites</value>
          </Data>
          <Data name="ADRESSE">
            <value>3180, Rue Fleury Est</value>
          </Data>
          <Data name="MUNICIPALITE">
            <value>Montréal</value>
          </Data>
          <Data name="PROVINCE">
            <value>QC</value>
          </Data>
          <Data name="CODE_POSTAL">
            <value/>
          </Data>
          <Data name="TEL_RES">
            <value/>
          </Data>
          <Data name="CELLULAIRE">
            <value/>
          </Data>
          <Data name="TEL_BUR">
            <value>450 555-0119</value>
          </Data>
          <Data name="TELECOPIEUR">
            <value/>
          </Data>
          <Data name="COURRIEL">
            <value/>
          </Data>
          <Data name="Visit date">
            <value/>
          </Data>
          <Data name="Package status">
            <value/>
          </Data>
          <Data name="Call date">
            <value/>
          </Data>
          <Data name="call result">
            <value/>
          </Data>
          <Data name="Language">
            <value/>
          </Data>
          <Data name="Latitude">
            <value>45.5792284</value>
          </Data>
          <Data name="Longitude">
            <value>-73.6439275</value>
          </Data>
        </ExtendedData>
      </Placemark>
      <Placemark>
        <name>Chez Ma Tante Patates Frites</name>
        <address>3180, Rue Fleury Est Montréal QC</address>
        <description><![CDATA[Contact person: <br>Contact number: <br>Notes: <br>NUM designation: P2-015<br>APPEL: <br>PRENOM: <br>NOM: Chez Ma Tante Patates Frites<br>ADRESSE: 3180, Rue Fleury Est<br>MUNICIPALITE: Montréal<br>PROVINCE: QC<br>CODE_POSTAL: <br>TEL_RES: <br>CELLULAIRE: <br>TEL_BUR: 450 555-0120<br>TELECOPIEUR: <br>COURRIEL: <br>Visit date: <br>Package status: <br>Call date: <br>call result: <br>Language: <br>Latitude: 45.579<br>Longitude: -73.644]]></description>
        <styleUrl>#icon-1899-0288D1</styleUrl>
        <ExtendedData>
          <Data name="Contact person">
            <value/>
          </Data>
          <Data name="Contact number">
            <value/>
          </Data>
          <Data name="Notes">
            <value/>
          </Data>
          <Data name="NUM designation">
            <value>P2-015</value>
          </Data>
          <Data name="APPEL">
            <value/>
          </Data>
          <Data name="PRENOM">
            <value/>
          </Data>
          <Data name="NOM">
            <value>Chez Ma Tante Patates Frites</value>
          </Data>
          <Data name="ADRESSE">
            <value>3180, Rue Fleury Est</value>
          </Data>
          <Data name="MUNICIPALITE">
            <value>Montréal</value>
          </Data>
          <Data name="PROVINCE">
            <value>QC</value>
          </Data>
          <Data name="CODE_POSTAL">
            <value/>
          </Data>
          <Data name="TEL_RES">
            <value/>
          </Data>
          <Data name="CELLULAIRE">
            <value/>
          </Data>
          <Data name="TEL_BUR">
            <value>450 555-0120</value>
          </Data>
          <Data name="TELECOPIEUR">
            <value/>
          </Data>
          <Data name="COURRIEL">
            <value/>
          </Data>
          <Data name="Visit date">
            <value/>
          </Data>
          <Data name="Package status">
            <value/>
          </Data>
          <Data name="Call date">
            <value/>
          </Data>
          <Data name="call result">
            <value/>
          </Data>
          <Data name="Language">
            <value/>
          </Data>
          <Data name="Latitude">
            <value>45.5792284</value>
          </Data>
          <Data name="Longitude">
            <value>-73.6439275</value>
          </Data>
        </ExtendedData>
      </Placemark>
      <Placemark>
        <name>Capitaine Patate</name>
        <address>128, Rue Fleury Ouest Montréal QC H3L 1T4</address>
        <description><![CDATA[Contact person: <br>Contact number: <br>Notes: <br>NUM designation: P2-015<br>APPEL: <br>PRENOM: <br>NOM: Capitaine Patate<br>ADRESSE: 128, Rue Fleury Ouest<br>MUNICIPALITE: Montréal<br>PROVINCE: QC<br>CODE_POSTAL: H3L 1T4<br>TEL_RES: <br>CELLULAIRE: <br>TEL_BUR: 450 555-0121<br>TELECOPIEUR: <br>COURRIEL: <br>Visit date: <br>Package status: <br>Call date: <br>call result: <br>Language: <br>Latitude: 45.547<br>Longitude: -73.666]]></description>
        <styleUrl>#icon-1899-0288D1</styleUrl>
        <ExtendedData>
          <Data name="Contact person">
            <value/>
          </Data>
          <Data name="Contact number">
            <value/>
          </Data>
          <Data name="Notes">
            <value/>
          </Data>
          <Data name="NUM designation">
            <value>P2-015</value>
          </Data>
          <Data name="APPEL">
            <value/>
          </Data>
          <Data name="PRENOM">
            <value/>
          </Data>
          <Data name="NOM">
            <value>Capitaine Patate</value>
          </Data>
          <Data name="ADRESSE">
            <value>128, Rue Fleury Ouest</value>
          </Data>
          <Data name="MUNICIPALITE">
            <value>Montréal</value>
          </Data>
          <Data name="PROVINCE">
            <value>QC</value>
          </Data>
          <Data name="CODE_POSTAL">
            <value>H3L 1T4</value>
          </Data>
          <Data name="TEL_RES">
            <value/>
          </Data>
          <Data name="CELLULAIRE">
            <value/>
          </Data>
          <Data name="TEL_BUR">
            <value>450 555-0121</value>
          </Data>
          <Data name="TELECOPIEUR">
            <value/>
          </Data>
          <Data name="COURRIEL">
            <value/>
          </Data>
          <Data name="Visit date">
            <value/>
          </Data>
          <Data name="Package status">
            <value/>
          </Data>
          <Data name="Call date">
            <value/>
          </Data>
          <Data name="call result">
            <value/>
          </Data>
          <Data name="Language">
            <value/>
          </Data>
          <Data name="Latitude">
            <value>45.5465747</value>
          </Data>
          <Data name="Longitude">
            <value>-73.6658176</value>
          </Data>
        </ExtendedData>
      </Placemark>
      <Placemark>
        <name>Bistro Patate au Four</name>
        <address>1350, Rue Ontario Est Montréal QC</address>
        <description><![CDATA[Contact person: <br>Contact number: <br>Notes: <br>NUM designation: P2-016<br>APPEL: <br>PRENOM: <br>NOM: Bistro Patate au Four<br>ADRESSE: 1350, Rue Ontario Est<br>MUNICIPALITE: Montréal<br>PROVINCE: QC<br>CODE_POSTAL: <br>TEL_RES: <br>CELLULAIRE: <br>TEL_BUR: 450 555-0122<br>TELECOPIEUR: <br>COURRIEL: <br>Visit date: <br>Package status: <br>Call date: <br>call result: <br>Language: <br>Latitude: 45.523<br>Longitude: -73.561]]></description>
        <styleUrl>#icon-1899-0288D1</styleUrl>
        <ExtendedData>
          <Data name="Contact person">
            <value/>
          </Data>
          <Data name="Contact number">
            <value/>
          </Data>
          <Data name="Notes">
            <value/>
          </Data>
          <Data name="NUM designation">
            <value>P2-016</value>
          </Data>
          <Data name="APPEL">
            <value/>
          </Data>
          <Data name="PRENOM">
            <value/>
          </Data>
          <Data name="NOM">
            <value>Bistro Patate au Four</value>
          </Data>
          <Data name="ADRESSE">
            <value>1350, Rue Ontario Est</value>
          </Data>
          <Data name="MUNICIPALITE">
            <value>Montréal</value>
          </Data>
          <Data name="PROVINCE">
            <value>QC</value>
          </Data>
          <Data name="CODE_POSTAL">
            <value/>
          </Data>
          <Data name="TEL_RES">
            <value/>
          </Data>
          <Data name="CELLULAIRE">
            <value/>
          </Data>
          <Data name="TEL_BUR">
            <value>450 555-0122</value>
          </Data>
          <Data name="TELECOPIEUR">
            <value/>
          </Data>
          <Data name="COURRIEL">
            <value/>
          </Data>
          <Data name="Visit date">
            <value/>
          </Data>
          <Data name="Package status">
            <value/>
          </Data>
          <Data name="Call date">
            <value/>
          </Data>
          <Data name="call result">
            <value/>
          </Data>
          <Data name="Language">
            <value/>
          </Data>
          <Data name="Latitude">
            <value>45.5229583</value>
          </Data>
          <Data name="Longitude">
            <value>-73.5611356</value>
          </Data>
        </ExtendedData>
      </Placemark>
      <Placemark>
        <name>Montreal Poutine</name>
        <address>161, Rue Saint-Paul Est Montréal QC H2Y 1G8</address>
        <description><![CDATA[Contact person: <br>Contact number: <br>Notes: <br>NUM designation: P2-016<br>APPEL: <br>PRENOM: <br>NOM: Montreal Poutine<br>ADRESSE: 161, Rue Saint-Paul Est<br>MUNICIPALITE: Montréal<br>PROVINCE: QC<br>CODE_POSTAL: H2Y 1G8<br>TEL_RES: <br>CELLULAIRE: <br>TEL_BUR: 450 555-0123<br>TELECOPIEUR: <br>COURRIEL: <br>Visit date: <br>Package status: <br>Call date: <br>call result: <br>Language: <br>Latitude: 45.507<br>Longitude: -73.553]]></description>
        <styleUrl>#icon-1899-0288D1</styleUrl>
        <ExtendedData>
          <Data name="Contact person">
            <value/>
          </Data>
          <Data name="Contact number">
            <value/>
          </Data>
          <Data name="Notes">
            <value/>
          </Data>
          <Data name="NUM designation">
            <value>P2-016</value>
          </Data>
          <Data name="APPEL">
            <value/>
          </Data>
          <Data name="PRENOM">
            <value/>
          </Data>
          <Data name="NOM">
            <value>Montreal Poutine</value>
          </Data>
          <Data name="ADRESSE">
            <value>161, Rue Saint-Paul Est</value>
          </Data>
          <Data name="MUNICIPALITE">
            <value>Montréal</value>
          </Data>
          <Data name="PROVINCE">
            <value>QC</value>
          </Data>
          <Data name="CODE_POSTAL">
            <value>H2Y 1G8</value>
          </Data>
          <Data name="TEL_RES">
            <value/>
          </Data>
          <Data name="CELLULAIRE">
            <value/>
          </Data>
          <Data name="TEL_BUR">
            <value>450 555-0123</value>
          </Data>
          <Data name="TELECOPIEUR">
            <value/>
          </Data>
          <Data name="COURRIEL">
            <value/>
          </Data>
          <Data name="Visit date">
            <value/>
          </Data>
          <Data name="Package status">
            <value/>
          </Data>
          <Data name="Call date">
            <value/>
          </Data>
          <Data name="call result">
            <value/>
          </Data>
          <Data name="Language">
            <value/>
          </Data>
          <Data name="Latitude">
            <value>45.507366</value>
          </Data>
          <Data name="Longitude">
            <value>-73.5526848</value>
          </Data>
        </ExtendedData>
      </Placemark>
      <Placemark>
        <name>Le Coin de la Patate</name>
        <address>86, Boulevard des Étudiants Québec QC</address>
        <description><![CDATA[Contact person: <br>Contact number: <br>Notes: <br>NUM designation: P2-017<br>APPEL: <br>PRENOM: <br>NOM: Le Coin de la Patate<br>ADRESSE: 86, Boulevard des Étudiants<br>MUNICIPALITE: Québec<br>PROVINCE: QC<br>CODE_POSTAL: <br>TEL_RES: <br>CELLULAIRE: <br>TEL_BUR: 450 555-0124<br>TELECOPIEUR: <br>COURRIEL: <br>Visit date: <br>Package status: <br>Call date: <br>call result: <br>Language: <br>Latitude: 46.857<br>Longitude: -71.362]]></description>
        <styleUrl>#icon-1899-0288D1</styleUrl>
        <ExtendedData>
          <Data name="Contact person">
            <value/>
          </Data>
          <Data name="Contact number">
            <value/>
          </Data>
          <Data name="Notes">
            <value/>
          </Data>
          <Data name="NUM designation">
            <value>P2-017</value>
          </Data>
          <Data name="APPEL">
            <value/>
          </Data>
          <Data name="PRENOM">
            <value/>
          </Data>
          <Data name="NOM">
            <value>Le Coin de la Patate</value>
          </Data>
          <Data name="ADRESSE">
            <value>86, Boulevard des Étudiants</value>
          </Data>
          <Data name="MUNICIPALITE">
            <value>Québec</value>
          </Data>
          <Data name="PROVINCE">
            <value>QC</value>
          </Data>
          <Data name="CODE_POSTAL">
            <value/>
          </Data>
          <Data name="TEL_RES">
            <value/>
          </Data>
          <Data name="CELLULAIRE">
            <value/>
          </Data>
          <Data name="TEL_BUR">
            <value>450 555-0124</value>
          </Data>
          <Data name="TELECOPIEUR">
            <value/>
          </Data>
          <Data name="COURRIEL">
            <value/>
          </Data>
          <Data name="Visit date">
            <value/>
          </Data>
          <Data name="Package status">
            <value/>
          </Data>
          <Data name="Call date">
            <value/>
          </Data>
          <Data name="call result">
            <value/>
          </Data>
          <Data name="Language">
            <value/>
          </Data>
          <Data name="Latitude">
            <value>46.8567942</value>
          </Data>
          <Data name="Longitude">
            <value>-71.3621692</value>
          </Data>
        </ExtendedData>
      </Placemark>
      <Placemark>
        <name>La Poutinerie</name>
        <address><![CDATA[292, Rue Marie-de-l'Incarnation Québec QC G1N 3G6]]></address>
        <description><![CDATA[Contact person: <br>Contact number: <br>Notes: Entrée par la ruelle<br>NUM designation: P2-018<br>APPEL: <br>PRENOM: <br>NOM: La Poutinerie<br>ADRESSE: 292, Rue Marie-de-l'Incarnation<br>MUNICIPALITE: Québec<br>PROVINCE: QC<br>CODE_POSTAL: G1N 3G6<br>TEL_RES: <br>CELLULAIRE: <br>TEL_BUR: 450 555-0125<br>TELECOPIEUR: <br>COURRIEL: <br>Visit date: <br>Package status: <br>Call date: <br>call result: <br>Language: <br>Latitude: 46.807<br>Longitude: -71.245]]></description>
        <styleUrl>#icon-1899-0288D1</styleUrl>
        <ExtendedData>
          <Data name="Contact person">
            <value/>
          </Data>
          <Data name="Contact number">
            <value/>
          </Data>
          <Data name="Notes">
            <value>Entrée par la ruelle</value>
          </Data>
          <Data name="NUM designation">
            <value>P2-018</value>
          </Data>
          <Data name="APPEL">
            <value/>
          </Data>
          <Data name="PRENOM">
            <value/>
          </Data>
          <Data name="NOM">
            <value>La Poutinerie</value>
          </Data>
          <Data name="ADRESSE">
            <value><![CDATA[292, Rue Marie-de-l'Incarnation]]></value>
          </Data>
          <Data name="MUNICIPALITE">
            <value>Québec</value>
          </Data>
          <Data name="PROVINCE">
            <value>QC</value>
          </Data>
          <Data name="CODE_POSTAL">
            <value>G1N 3G6</value>
          </Data>
          <Data name="TEL_RES">
            <value/>
          </Data>
          <Data name="CELLULAIRE">
            <value/>
          </Data>
          <Data name="TEL_BUR">
            <value>450 555-0125</value>
          </Data>
          <Data name="TELECOPIEUR">
            <value/>
          </Data>
          <Data name="COURRIEL">
            <value/>
          </Data>
          <Data name="Visit date">
            <value/>
          </Data>
          <Data name="Package status">
            <value/>
          </Data>
          <Data name="Call date">
            <value/>
          </Data>
          <Data name="call result">
            <value/>
          </Data>
          <Data name="Language">
            <value/>
          </Data>
          <Data name="Latitude">
            <value>46.807258</value>
          </Data>
          <Data name="Longitude">
            <value>-71.244501</value>
          </Data>
        </ExtendedData>
      </Placemark>
      <Placemark>
        <name>La Baraque à Frites</name>
        <address><![CDATA[334, Rue Marie-de-l'Incarnation Québec QC G1N 3G6]]></address>
        <description><![CDATA[Contact person: <br>Contact number: <br>Notes: <br>NUM designation: P2-018<br>APPEL: <br>PRENOM: <br>NOM: La Baraque à Frites<br>ADRESSE: 334, Rue Marie-de-l'Incarnation<br>MUNICIPALITE: Québec<br>PROVINCE: QC<br>CODE_POSTAL: G1N 3G6<br>TEL_RES: <br>CELLULAIRE: <br>TEL_BUR: 450 555-0126<br>TELECOPIEUR: <br>COURRIEL: <br>Visit date: <br>Package status: <br>Call date: <br>call result: <br>Language: <br>Latitude: 46.807<br>Longitude: -71.244]]></description>
        <styleUrl>#icon-1899-0288D1</styleUrl>
        <ExtendedData>
          <Data name="Contact person">
            <value/>
          </Data>
          <Data name="Contact number">
            <value/>
          </Data>
          <Data name="Notes">
            <value/>
          </Data>
          <Data name="NUM designation">
            <value>P2-018</value>
          </Data>
          <Data name="APPEL">
            <value/>
          </Data>
          <Data name="PRENOM">
            <value/>
          </Data>
          <Data name="NOM">
            <value>La Baraque à Frites</value>
          </Data>
          <Data name="ADRESSE">
            <value><![CDATA[334, Rue Marie-de-l'Incarnation]]></value>
          </Data>
          <Data name="MUNICIPALITE">
            <value>Québec</value>
          </Data>
          <Data name="PROVINCE">
            <value>QC</value>
          </Data>
          <Data name="CODE_POSTAL">
            <value>G1N 3G6</value>
          </Data>
          <Data name="TEL_RES">
            <value/>
          </Data>
          <Data name="CELLULAIRE">
            <value/>
          </Data>
          <Data name="TEL_BUR">
            <value>450 555-0126</value>
          </Data>
          <Data name="TELECOPIEUR">
            <value/>
          </Data>
          <Data name="COURRIEL">
            <value/>
          </Data>
          <Data name="Visit date">
            <value/>
          </Data>
          <Data name="Package status">
            <value/>
          </Data>
          <Data name="Call date">
            <value/>
          </Data>
          <Data name="call result">
            <value/>
          </Data>
          <Data name="Language">
            <value/>
          </Data>
          <Data name="Latitude">
            <value>46.806856</value>
          </Data>
          <Data name="Longitude">
            <value>-71.2439337</value>
          </Data>
        </ExtendedData>
      </Placemark>
      <Placemark>
        <name>Au coin de la Patate</name>
        <address>64, Boulevard Lacombe Repentigny QC J5Z 2L3</address>
        <description><![CDATA[Contact person: <br>Contact number: <br>Notes: <br>NUM designation: P2-019<br>APPEL: <br>PRENOM: <br>NOM: Au coin de la Patate<br>ADRESSE: 64, Boulevard Lacombe<br>MUNICIPALITE: Repentigny<br>PROVINCE: QC<br>CODE_POSTAL: J5Z 2L3<br>TEL_RES: <br>CELLULAIRE: <br>TEL_BUR: 450 555-0127<br>TELECOPIEUR: <br>COURRIEL: <br>Visit date: <br>Package status: <br>Call date: <br>call result: <br>Language: <br>Latitude: 45.753<br>Longitude: -73.471]]></description>
        <styleUrl>#icon-1899-0288D1</styleUrl>
        <ExtendedData>
          <Data name="Contact person">
            <value/>
          </Data>
          <Data name="Contact number">
            <value/>
          </Data>
          <Data name="Notes">
            <value/>
          </Data>
          <Data name="NUM designation">
            <value>P2-019</value>
          </Data>
          <Data name="APPEL">
            <value/>
          </Data>
          <Data name="PRENOM">
            <value/>
          </Data>
          <Data name="NOM">
            <value>Au coin de la Patate</value>
          </Data>
          <Data name="ADRESSE">
            <value>64, Boulevard Lacombe</value>
          </Data>
          <Data name="MUNICIPALITE">
            <value>Repentigny</value>
          </Data>
          <Data name="PROVINCE">
            <value>QC</value>
          </Data>
          <Data name="CODE_POSTAL">
            <value>J5Z 2L3</value>
          </Data>
          <Data name="TEL_RES">
            <value/>
          </Data>
          <Data name="CELLULAIRE">
            <value/>
          </Data>
          <Data name="TEL_BUR">
            <value>450 555-0127</value>
          </Data>
          <Data name="TELECOPIEUR">
            <value/>
          </Data>
          <Data name="COURRIEL">
            <value/>
          </Data>
          <Data name="Visit date">
            <value/>
          </Data>
          <Data name="Package status">
            <value/>
          </Data>
          <Data name="Call date">
            <value/>
          </Data>
          <Data name="call result">
            <value/>
          </Data>
          <Data name="Language">
            <value/>
          </Data>
          <Data name="Latitude">
            <value>45.7526412</value>
          </Data>
          <Data name="Longitude">
            <value>-73.4714771</value>
          </Data>
        </ExtendedData>
      </Placemark>
      <Placemark>
        <name><![CDATA[La Patate d'Autrefois]]></name>
        <address>2422, Montée de Cazaville Saint-Anicet QC J0S 1B0</address>
        <description><![CDATA[Contact person: <br>Contact number: <br>Notes: <br>NUM designation: P2-020<br>APPEL: <br>PRENOM: <br>NOM: La Patate d'Autrefois<br>ADRESSE: 2422, Montée de Cazaville<br>MUNICIPALITE: Saint-Anicet<br>PROVINCE: QC<br>CODE_POSTAL: J0S 1B0<br>TEL_RES: <br>CELLULAIRE: <br>TEL_BUR: 450 555-0128<br>TELECOPIEUR: <br>COURRIEL: <br>Visit date: <br>Package status: <br>Call date: <br>call result: <br>Language: <br>Latitude: 45.086<br>Longitude: -74.371]]></description>
        <styleUrl>#icon-1899-0288D1</styleUrl>
        <ExtendedData>
          <Data name="Contact person">
            <value/>
          </Data>
          <Data name="Contact number">
            <value/>
          </Data>
          <Data name="Notes">
            <value/>
          </Data>
          <Data name="NUM designation">
            <value>P2-020</value>
          </Data>
          <Data name="APPEL">
            <value/>
          </Data>
          <Data name="PRENOM">
            <value/>
          </Data>
          <Data name="NOM">
            <value><![CDATA[La Patate d'Autrefois]]></value>
          </Data>
          <Data name="ADRESSE">
            <value>2422, Montée de Cazaville</value>
          </Data>
          <Data name="MUNICIPALITE">
            <value>Saint-Anicet</value>
          </Data>
          <Data name="PROVINCE">
            <value>QC</value>
          </Data>
          <Data name="CODE_POSTAL">
            <value>J0S 1B0</value>
          </Data>
          <Data name="TEL_RES">
            <value/>
          </Data>
          <Data name="CELLULAIRE">
            <value/>
          </Data>
          <Data name="TEL_BUR">
            <value>450 555-0128</value>
          </Data>
          <Data name="TELECOPIEUR">
            <value/>
          </Data>
          <Data name="COURRIEL">
            <value/>
          </Data>
          <Data name="Visit date">
            <value/>
          </Data>
          <Data name="Package status">
            <value/>
          </Data>
          <Data name="Call date">
            <value/>
          </Data>
          <Data name="call result">
            <value/>
          </Data>
          <Data name="Language">
            <value/>
          </Data>
          <Data name="Latitude">
            <value>45.0864866</value>
          </Data>
          <Data name="Longitude">
            <value>-74.3708529</value>
          </Data>
        </ExtendedData>
      </Placemark>
      <Placemark>
        <name>Pat la Patate</name>
        <address>525, Rue Marquis Saint-Célestin QC J0C 1G0</address>
        <description><![CDATA[Contact person: <br>Contact number: <br>Notes: <br>NUM designation: P2-021<br>APPEL: <br>PRENOM: <br>NOM: Pat la Patate<br>ADRESSE: 525, Rue Marquis<br>MUNICIPALITE: Saint-Célestin<br>PROVINCE: QC<br>CODE_POSTAL: J0C 1G0<br>TEL_RES: <br>CELLULAIRE: <br>TEL_BUR: 450 555-0129<br>TELECOPIEUR: <br>COURRIEL: <br>Visit date: <br>Package status: <br>Call date: <br>call result: <br>Language: <br>Latitude: 46.213<br>Longitude: -72.432]]></description>
        <styleUrl>#icon-1899-0288D1</styleUrl>
        <ExtendedData>
          <Data name="Contact person">
            <value/>
          </Data>
          <Data name="Contact number">
            <value/>
          </Data>
          <Data name="Notes">
            <value/>
          </Data>
          <Data name="NUM designation">
            <value>P2-021</value>
          </Data>
          <Data name="APPEL">
            <value/>
          </Data>
          <Data name="PRENOM">
            <value/>
          </Data>
          <Data name="NOM">
            <value>Pat la Patate</value>
          </Data>
          <Data name="ADRESSE">
            <value>525, Rue Marquis</value>
          </Data>
          <Data name="MUNICIPALITE">
            <value>Saint-Célestin</value>
          </Data>
          <Data name="PROVINCE">
            <value>QC</value>
          </Data>
          <Data name="CODE_POSTAL">
            <value>J0C 1G0</value>
          </Data>
          <Data name="TEL_RES">
            <value/>
          </Data>
          <Data name="CELLULAIRE">
            <value/>
          </Data>
          <Data name="TEL_BUR">
            <value>450 555-0129</value>
          </Data>
          <Data name="TELECOPIEUR">
            <value/>
          </Data>
          <Data name="COURRIEL">
            <value/>
          </Data>
          <Data name="Visit date">
            <value/>
          </Data>
          <Data name="Package status">
            <value/>
          </Data>
          <Data name="Call date">
            <value/>
          </Data>
          <Data name="call result">
            <value/>
          </Data>
          <Data name="Language">
            <value/>
          </Data>
          <Data name="Latitude">
            <value>46.2129458</value>
          </Data>
          <Data name="Longitude">
            <value>-72.4316168</value>
          </Data>
        </ExtendedData>
      </Placemark>
      <Placemark>
        <name>Restaurant pizza / Le Patatier La Frite Dorée</name>
        <address>657, Rang Saint-Régis Saint-Isidore QC J0L 2A0</address>
        <description><![CDATA[Contact person: <br>Contact number: <br>Notes: <br>NUM designation: P2-022<br>APPEL: <br>PRENOM: <br>NOM: Restaurant pizza / Le Patatier La Frite Dorée<br>ADRESSE: 657, Rang Saint-Régis<br>MUNICIPALITE: Saint-Isidore<br>PROVINCE: QC<br>CODE_POSTAL: J0L 2A0<br>TEL_RES: <br>CELLULAIRE: <br>TEL_BUR: 450 555-0130<br>TELECOPIEUR: <br>COURRIEL: <br>Visit date: <br>Package status: <br>Call date: <br>call result: <br>Language: <br>Latitude: 45.301<br>Longitude: -73.68]]></description>
        <styleUrl>#icon-1899-0288D1</styleUrl>
        <ExtendedData>
          <Data name="Contact person">
            <value/>
          </Data>
          <Data name="Contact number">
            <value/>
          </Data>
          <Data name="Notes">
            <value/>
          </Data>
          <Data name="NUM designation">
            <value>P2-022</value>
          </Data>
          <Data name="APPEL">
            <value/>
          </Data>
          <Data name="PRENOM">
            <value/>
          </Data>
          <Data name="NOM">
            <value>Restaurant pizza / Le Patatier La Frite Dorée</value>
          </Data>
          <Data name="ADRESSE">
            <value>657, Rang Saint-Régis</value>
          </Data>
          <Data name="MUNICIPALITE">
            <value>Saint-Isidore</value>
          </Data>
          <Data name="PROVINCE">
            <value>QC</value>
          </Data>
          <Data name="CODE_POSTAL">
            <value>J0L 2A0</value>
          </Data>
          <Data name="TEL_RES">
            <value/>
          </Data>
          <Data name="CELLULAIRE">
            <value/>
          </Data>
          <Data name="TEL_BUR">
            <value>450 555-0130</value>
          </Data>
          <Data name="TELECOPIEUR">
            <value/>
          </Data>
          <Data name="COURRIEL">
            <value/>
          </Data>
          <Data name="Visit date">
            <value/>
          </Data>
          <Data name="Package status">
            <value/>
          </Data>
          <Data name="Call date">
            <value/>
          </Data>
          <Data name="call result">
            <value/>
          </Data>
          <Data name="Language">
            <value/>
          </Data>
          <Data name="Latitude">
            <value>45.3009018</value>
          </Data>
          <Data name="Longitude">
            <value>-73.6804787</value>
          </Data>
        </ExtendedData>
      </Placemark>
      <Placemark>
        <name>Patate Chez Gros Loup</name>
        <address>1031, Route Louis-Cyr Saint-Jean-de-Matha QC</address>
        <description><![CDATA[Contact person: <br>Contact number: <br>Notes: <br>NUM designation: P2-023<br>APPEL: <br>PRENOM: <br>NOM: Patate Chez Gros Loup<br>ADRESSE: 1031, Route Louis-Cyr<br>MUNICIPALITE: Saint-Jean-de-Matha<br>PROVINCE: QC<br>CODE_POSTAL: <br>TEL_RES: <br>CELLULAIRE: <br>TEL_BUR: 450 555-0131<br>TELECOPIEUR: <br>COURRIEL: <br>Visit date: <br>Package status: <br>Call date: <br>call result: <br>Language: <br>Latitude: 46.228<br>Longitude: -73.528]]></description>
        <styleUrl>#icon-1899-0288D1</styleUrl>
        <ExtendedData>
          <Data name="Contact person">
            <value/>
          </Data>
          <Data name="Contact number">
            <value/>
          </Data>
          <Data name="Notes">
            <value/>
          </Data>
          <Data name="NUM designation">
            <value>P2-023</value>
          </Data>
          <Data name="APPEL">
            <value/>
          </Data>
          <Data name="PRENOM">
            <value/>
          </Data>
          <Data name="NOM">
            <value>Patate Chez Gros Loup</value>
          </Data>
          <Data name="ADRESSE">
            <value>1031, Route Louis-Cyr</value>
          </Data>
          <Data name="MUNICIPALITE">
            <value>Saint-Jean-de-Matha</value>
          </Data>
          <Data name="PROVINCE">
            <value>QC</value>
          </Data>
          <Data name="CODE_POSTAL">
            <value/>
          </Data>
          <Data name="TEL_RES">
            <value/>
          </Data>
          <Data name="CELLULAIRE">
            <value/>
          </Data>
          <Data name="TEL_BUR">
            <value>450 555-0131</value>
          </Data>
          <Data name="TELECOPIEUR">
            <value/>
          </Data>
          <Data name="COURRIEL">
            <value/>
          </Data>
          <Data name="Visit date">
            <value/>
          </Data>
          <Data name="Package status">
            <value/>
          </Data>
          <Data name="Call date">
            <value/>
          </Data>
          <Data name="call result">
            <value/>
          </Data>
          <Data name="Language">
            <value/>
          </Data>
          <Data name="Latitude">
            <value>46.2275185</value>
          </Data>
          <Data name="Longitude">
            <value>-73.5284593</value>
          </Data>
        </ExtendedData>
      </Placemark>
      <Placemark>
        <name>Cantine la patate a Patou</name>
        <address>170, 2e Rang Saint-Louis-de-Blandford QC G0Z 1B0</address>
        <description><![CDATA[Contact person: <br>Contact number: <br>Notes: <br>NUM designation: P2-024<br>APPEL: <br>PRENOM: <br>NOM: Cantine la patate a Patou<br>ADRESSE: 170, 2e Rang<br>MUNICIPALITE: Saint-Louis-de-Blandford<br>PROVINCE: QC<br>CODE_POSTAL: G0Z 1B0<br>TEL_RES: <br>CELLULAIRE: <br>TEL_BUR: 450 555-0132<br>TELECOPIEUR: <br>COURRIEL: <br>Visit date: <br>Package status: <br>Call date: <br>call result: <br>Language: <br>Latitude: 46.22<br>Longitude: -72.052]]></description>
        <styleUrl>#icon-1899-0288D1</styleUrl>
        <ExtendedData>
          <Data name="Contact person">
            <value/>
          </Data>
          <Data name="Contact number">
            <value/>
          </Data>
          <Data name="Notes">
            <value/>
          </Data>
          <Data name="NUM designation">
            <value>P2-024</value>
          </Data>
          <Data name="APPEL">
            <value/>
          </Data>
          <Data name="PRENOM">
            <value/>
          </Data>
          <Data name="NOM">
            <value>Cantine la patate a Patou</value>
          </Data>
          <Data name="ADRESSE">
            <value>170, 2e Rang</value>
          </Data>
          <Data name="MUNICIPALITE">
            <value>Saint-Louis-de-Blandford</value>
          </Data>
          <Data name="PROVINCE">
            <value>QC</value>
          </Data>
          <Data name="CODE_POSTAL">
            <value>G0Z 1B0</value>
          </Data>
          <Data name="TEL_RES">
            <value/>
          </Data>
          <Data name="CELLULAIRE">
            <value/>
          </Data>
          <Data name="TEL_BUR">
            <value>450 555-0132</value>
          </Data>
          <Data name="TELECOPIEUR">
            <value/>
          </Data>
          <Data name="COURRIEL">
            <value/>
          </Data>
          <Data name="Visit date">
            <value/>
          </Data>
          <Data name="Package status">
            <value/>
          </Data>
          <Data name="Call date">
            <value/>
          </Data>
          <Data name="call result">
            <value/>
          </Data>
          <Data name="Language">
            <value/>
          </Data>
          <Data name="Latitude">
            <value>46.2195654</value>
          </Data>
          <Data name="Longitude">
            <value>-72.0522668</value>
          </Data>
        </ExtendedData>
      </Placemark>
      <Placemark>
        <name>Cantine la patate a Patou</name>
        <address>170, 2e Rang Saint-Louis-de-Blandford QC G0Z 1B0</address>
        <description><![CDATA[Contact person: <br>Contact number: <br>Notes: <br>NUM designation: P2-025<br>APPEL: <br>PRENOM: <br>NOM: Cantine la patate a Patou<br>ADRESSE: 170, 2e Rang<br>MUNICIPALITE: Saint-Louis-de-Blandford<br>PROVINCE: QC<br>CODE_POSTAL: G0Z 1B0<br>TEL_RES: <br>CELLULAIRE: <br>TEL_BUR: 450 555-0133<br>TELECOPIEUR: <br>COURRIEL: <br>Visit date: <br>Package status: <br>Call date: <br>call result: <br>Language: <br>Latitude: 46.22<br>Longitude: -72.052]]></description>
        <styleUrl>#icon-1899-0288D1</styleUrl>
        <ExtendedData>
          <Data name="Contact person">
            <value/>
          </Data>
          <Data name="Contact number">
            <value/>
          </Data>
          <Data name="Notes">
            <value/>
          </Data>
          <Data name="NUM designation">
            <value>P2-025</value>
          </Data>
          <Data name="APPEL">
            <value/>
          </Data>
          <Data name="PRENOM">
            <value/>
          </Data>
          <Data name="NOM">
            <value>Cantine la patate a Patou</value>
          </Data>
          <Data name="ADRESSE">
            <value>170, 2e Rang</value>
          </Data>
          <Data name="MUNICIPALITE">
            <value>Saint-Louis-de-Blandford</value>
          </Data>
          <Data name="PROVINCE">
            <value>QC</value>
          </Data>
          <Data name="CODE_POSTAL">
            <value>G0Z 1B0</value>
          </Data>
          <Data name="TEL_RES">
            <value/>
          </Data>
          <Data name="CELLULAIRE">
            <value/>
          </Data>
          <Data name="TEL_BUR">
            <value>450 555-0133</value>
          </Data>
          <Data name="TELECOPIEUR">
            <value/>
          </Data>
          <Data name="COURRIEL">
            <value/>
          </Data>
          <Data name="Visit date">
            <value/>
          </Data>
          <Data name="Package status">
            <value/>
          </Data>
          <Data name="Call date">
            <value/>
          </Data>
          <Data name="call result">
            <value/>
          </Data>
          <Data name="Language">
            <value/>
          </Data>
          <Data name="Latitude">
            <value>46.2195654</value>
          </Data>
          <Data name="Longitude">
            <value>-72.0522668</value>
          </Data>
        </ExtendedData>
      </Placemark>
      <Placemark>
        <name>Patate Boyer</name>
        <address>765, Rue Notre-Dame Saint-Rémi QC J0L 2L0</address>
        <description><![CDATA[Contact person: <br>Contact number: <br>Notes: <br>NUM designation: P2-026<br>APPEL: <br>PRENOM: <br>NOM: Patate Boyer<br>ADRESSE: 765, Rue Notre-Dame<br>MUNICIPALITE: Saint-Rémi<br>PROVINCE: QC<br>CODE_POSTAL: J0L 2L0<br>TEL_RES: <br>CELLULAIRE: <br>TEL_BUR: 450 555-0134<br>TELECOPIEUR: <br>COURRIEL: <br>Visit date: <br>Package status: <br>Call date: <br>call result: <br>Language: <br>Latitude: 45.261<br>Longitude: -73.617]]></description>
        <styleUrl>#icon-1899-0288D1</styleUrl>
        <ExtendedData>
          <Data name="Contact person">
            <value/>
          </Data>
          <Data name="Contact number">
            <value/>
          </Data>
          <Data name="Notes">
            <value/>
          </Data>
          <Data name="NUM designation">
            <value>P2-026</value>
          </Data>
          <Data name="APPEL">
            <value/>
          </Data>
          <Data name="PRENOM">
            <value/>
          </Data>
          <Data name="NOM">
            <value>Patate Boyer</value>
          </Data>
          <Data name="ADRESSE">
            <value>765, Rue Notre-Dame</value>
          </Data>
          <Data name="MUNICIPALITE">
            <value>Saint-Rémi</value>
          </Data>
          <Data name="PROVINCE">
            <value>QC</value>
          </Data>
          <Data name="CODE_POSTAL">
            <value>J0L 2L0</value>
          </Data>
          <Data name="TEL_RES">
            <value/>
          </Data>
          <Data name="CELLULAIRE">
            <value/>
          </Data>
          <Data name="TEL_BUR">
            <value>450 555-0134</value>
          </Data>
          <Data name="TELECOPIEUR">
            <value/>
          </Data>
          <Data name="COURRIEL">
            <value/>
          </Data>
          <Data name="Visit date">
            <value/>
          </Data>
          <Data name="Package status">
            <value/>
          </Data>
          <Data name="Call date">
            <value/>
          </Data>
          <Data name="call result">
            <value/>
          </Data>
          <Data name="Language">
            <value/>
          </Data>
          <Data name="Latitude">
            <value>45.2612198</value>
          </Data>
          <Data name="Longitude">
            <value>-73.6168285</value>
          </Data>
        </ExtendedData>
      </Placemark>
      <Placemark>
        <name>Cantine La Bonne Poutine</name>
        <address>169, Route Centrale Saint-Valérien QC G0L 4E0</address>
        <description><![CDATA[Contact person: <br>Contact number: <br>Notes: Stationnement à l’arrière<br>NUM designation: P2-027<br>APPEL: <br>PRENOM: <br>NOM: Cantine La Bonne Poutine<br>ADRESSE: 169, Route Centrale<br>MUNICIPALITE: Saint-Valérien<br>PROVINCE: QC<br>CODE_POSTAL: G0L 4E0<br>TEL_RES: <br>CELLULAIRE: <br>TEL_BUR: 450 555-0135<br>TELECOPIEUR: <br>COURRIEL: <br>Visit date: <br>Package status: <br>Call date: <br>call result: <br>Language: <br>Latitude: 48.339<br>Longitude: -68.658]]></description>
        <styleUrl>#icon-1899-0288D1</styleUrl>
        <ExtendedData>
          <Data name="Contact person">
            <value/>
          </Data>
          <Data name="Contact number">
            <value/>
          </Data>
          <Data name="Notes">
            <value>Stationnement à l’arrière</value>
          </Data>
          <Data name="NUM designation">
            <value>P2-027</value>
          </Data>
          <Data name="APPEL">
            <value/>
          </Data>
          <Data name="PRENOM">
            <value/>
          </Data>
          <Data name="NOM">
            <value>Cantine La Bonne Poutine</value>
          </Data>
          <Data name="ADRESSE">
            <value>169, Route Centrale</value>
          </Data>
          <Data name="MUNICIPALITE">
            <value>Saint-Valérien</value>
          </Data>
          <Data name="PROVINCE">
            <value>QC</value>
          </Data>
          <Data name="CODE_POSTAL">
            <value>G0L 4E0</value>
          </Data>
          <Data name="TEL_RES">
            <value/>
          </Data>
          <Data name="CELLULAIRE">
            <value/>
          </Data>
          <Data name="TEL_BUR">
            <value>450 555-0135</value>
          </Data>
          <Data name="TELECOPIEUR">
            <value/>
          </Data>
          <Data name="COURRIEL">
            <value/>
          </Data>
          <Data name="Visit date">
            <value/>
          </Data>
          <Data name="Package status">
            <value/>
          </Data>
          <Data name="Call date">
            <value/>
          </Data>
          <Data name="call result">
            <value/>
          </Data>
          <Data name="Language">
            <value/>
          </Data>
          <Data name="Latitude">
            <value>48.3392667</value>
          </Data>
          <Data name="Longitude">
            <value>-68.6576881</value>
          </Data>
        </ExtendedData>
      </Placemark>
      <Placemark>
        <name><![CDATA[La Frite à Mon'Oncle]]></name>
        <address>1493, Rue Barbeau Sainte-Adèle QC</address>
        <description><![CDATA[Contact person: <br>Contact number: <br>Notes: <br>NUM designation: P2-028<br>APPEL: <br>PRENOM: <br>NOM: La Frite à Mon'Oncle<br>ADRESSE: 1493, Rue Barbeau<br>MUNICIPALITE: Sainte-Adèle<br>PROVINCE: QC<br>CODE_POSTAL: <br>TEL_RES: <br>CELLULAIRE: <br>TEL_BUR: 450 555-0136<br>TELECOPIEUR: <br>COURRIEL: <br>Visit date: <br>Package status: <br>Call date: <br>call result: <br>Language: <br>Latitude: 45.943<br>Longitude: -74.123]]></description>
        <styleUrl>#icon-1899-0288D1</styleUrl>
        <ExtendedData>
          <Data name="Contact person">
            <value/>
          </Data>
          <Data name="Contact number">
            <value/>
          </Data>
          <Data name="Notes">
            <value/>
          </Data>
          <Data name="NUM designation">
            <value>P2-028</value>
          </Data>
          <Data name="APPEL">
            <value/>
          </Data>
          <Data name="PRENOM">
            <value/>
          </Data>
          <Data name="NOM">
            <value><![CDATA[La Frite à Mon'Oncle]]></value>
          </Data>
          <Data name="ADRESSE">
            <value>1493, Rue Barbeau</value>
          </Data>
          <Data name="MUNICIPALITE">
            <value>Sainte-Adèle</value>
          </Data>
          <Data name="PROVINCE">
            <value>QC</value>
          </Data>
          <Data name="CODE_POSTAL">
            <value/>
          </Data>
          <Data name="TEL_RES">
            <value/>
          </Data>
          <Data name="CELLULAIRE">
            <value/>
          </Data>
          <Data name="TEL_BUR">
            <value>450 555-0136</value>
          </Data>
          <Data name="TELECOPIEUR">
            <value/>
          </Data>
          <Data name="COURRIEL">
            <value/>
          </Data>
          <Data name="Visit date">
            <value/>
          </Data>
          <Data name="Package status">
            <value/>
          </Data>
          <Data name="Call date">
            <value/>
          </Data>
          <Data name="call result">
            <value/>
          </Data>
          <Data name="Language">
            <value/>
          </Data>
          <Data name="Latitude">
            <value>45.9433747</value>
          </Data>
          <Data name="Longitude">
            <value>-74.122831</value>
          </Data>
        </ExtendedData>
      </Placemark>
      <Placemark>
        <name>Pomme frite Burger Gourmet</name>
        <address>13, Rue Blainville Ouest Sainte-Thérèse QC</address>
        <description><![CDATA[Contact person: <br>Contact number: <br>Notes: <br>NUM designation: P2-029<br>APPEL: <br>PRENOM: <br>NOM: Pomme frite Burger Gourmet<br>ADRESSE: 13, Rue Blainville Ouest<br>MUNICIPALITE: Sainte-Thérèse<br>PROVINCE: QC<br>CODE_POSTAL: <br>TEL_RES: <br>CELLULAIRE: <br>TEL_BUR: 450 555-0137<br>TELECOPIEUR: <br>COURRIEL: <br>Visit date: <br>Package status: <br>Call date: <br>call result: <br>Language: <br>Latitude: 45.639<br>Longitude: -73.842]]></description>
        <styleUrl>#icon-1899-0288D1</styleUrl>
        <ExtendedData>
          <Data name="Contact person">
            <value/>
          </Data>
          <Data name="Contact number">
            <value/>
          </Data>
          <Data name="Notes">
            <value/>
          </Data>
          <Data name="NUM designation">
            <value>P2-029</value>
          </Data>
          <Data name="APPEL">
            <value/>
          </Data>
          <Data name="PRENOM">
            <value/>
          </Data>
          <Data name="NOM">
            <value>Pomme frite Burger Gourmet</value>
          </Data>
          <Data name="ADRESSE">
            <value>13, Rue Blainville Ouest</value>
          </Data>
          <Data name="MUNICIPALITE">
            <value>Sainte-Thérèse</value>
          </Data>
          <Data name="PROVINCE">
            <value>QC</value>
          </Data>
          <Data name="CODE_POSTAL">
            <value/>
          </Data>
          <Data name="TEL_RES">
            <value/>
          </Data>
          <Data name="CELLULAIRE">
            <value/>
          </Data>
          <Data name="TEL_BUR">
            <value>450 555-0137</value>
          </Data>
          <Data name="TELECOPIEUR">
            <value/>
          </Data>
          <Data name="COURRIEL">
            <value/>
          </Data>
          <Data name="Visit date">
            <value/>
          </Data>
          <Data name="Package status">
            <value/>
          </Data>
          <Data name="Call date">
            <value/>
          </Data>
          <Data name="call result">
            <value/>
          </Data>
          <Data name="Language">
            <value/>
          </Data>
          <Data name="Latitude">
            <value>45.6393772</value>
          </Data>
          <Data name="Longitude">
            <value>-73.8421609</value>
          </Data>
        </ExtendedData>
      </Placemark>
      <Placemark>
        <name>Aux palais des saveurs poutinerie</name>
        <address>2005, 105e Avenue Shawinigan QC G9P 1N6</address>
        <description><![CDATA[Contact person: <br>Contact number: <br>Notes: <br>NUM designation: P2-030<br>APPEL: <br>PRENOM: <br>NOM: Aux palais des saveurs poutinerie<br>ADRESSE: 2005, 105e Avenue<br>MUNICIPALITE: Shawinigan<br>PROVINCE: QC<br>CODE_POSTAL: G9P 1N6<br>TEL_RES: <br>CELLULAIRE: <br>TEL_BUR: 450 555-0138<br>TELECOPIEUR: <br>COURRIEL: <br>Visit date: <br>Package status: <br>Call date: <br>call result: <br>Language: <br>Latitude: 46.521<br>Longitude: -72.746]]></description>
        <styleUrl>#icon-1899-0288D1</styleUrl>
        <ExtendedData>
          <Data name="Contact person">
            <value/>
          </Data>
          <Data name="Contact number">
            <value/>
          </Data>
          <Data name="Notes">
            <value/>
          </Data>
          <Data name="NUM designation">
            <value>P2-030</value>
          </Data>
          <Data name="APPEL">
            <value/>
          </Data>
          <Data name="PRENOM">
            <value/>
          </Data>
          <Data name="NOM">
            <value>Aux palais des saveurs poutinerie</value>
          </Data>
          <Data name="ADRESSE">
            <value>2005, 105e Avenue</value>
          </Data>
          <Data name="MUNICIPALITE">
            <value>Shawinigan</value>
          </Data>
          <Data name="PROVINCE">
            <value>QC</value>
          </Data>
          <Data name="CODE_POSTAL">
            <value>G9P 1N6</value>
          </Data>
          <Data name="TEL_RES">
            <value/>
          </Data>
          <Data name="CELLULAIRE">
            <value/>
          </Data>
          <Data name="TEL_BUR">
            <value>450 555-0138</value>
          </Data>
          <Data name="TELECOPIEUR">
            <value/>
          </Data>
          <Data name="COURRIEL">
            <value/>
          </Data>
          <Data name="Visit date">
            <value/>
          </Data>
          <Data name="Package status">
            <value/>
          </Data>
          <Data name="Call date">
            <value/>
          </Data>
          <Data name="call result">
            <value/>
          </Data>
          <Data name="Language">
            <value/>
          </Data>
          <Data name="Latitude">
            <value>46.5207977</value>
          </Data>
          <Data name="Longitude">
            <value>-72.7462585</value>
          </Data>
        </ExtendedData>
      </Placemark>
      <Placemark>
        <name>Steak Frite St Paul</name>
        <address>68, Rue des Forges Trois-Rivières QC</address>
        <description><![CDATA[Contact person: <br>Contact number: <br>Notes: <br>NUM designation: P2-031<br>APPEL: <br>PRENOM: <br>NOM: Steak Frite St Paul<br>ADRESSE: 68, Rue des Forges<br>MUNICIPALITE: Trois-Rivières<br>PROVINCE: QC<br>CODE_POSTAL: <br>TEL_RES: <br>CELLULAIRE: <br>TEL_BUR: 450 555-0139<br>TELECOPIEUR: <br>COURRIEL: <br>Visit date: <br>Package status: <br>Call date: <br>call result: <br>Language: <br>Latitude: 46.342<br>Longitude: -72.54]]></description>
        <styleUrl>#icon-1899-0288D1</styleUrl>
        <ExtendedData>
          <Data name="Contact person">
            <value/>
          </Data>
          <Data name="Contact number">
            <value/>
          </Data>
          <Data name="Notes">
            <value/>
          </Data>
          <Data name="NUM designation">
            <value>P2-031</value>
          </Data>
          <Data name="APPEL">
            <value/>
          </Data>
          <Data name="PRENOM">
            <value/>
          </Data>
          <Data name="NOM">
            <value>Steak Frite St Paul</value>
          </Data>
          <Data name="ADRESSE">
            <value>68, Rue des Forges</value>
          </Data>
          <Data name="MUNICIPALITE">
            <value>Trois-Rivières</value>
          </Data>
          <Data name="PROVINCE">
            <value>QC</value>
          </Data>
          <Data name="CODE_POSTAL">
            <value/>
          </Data>
          <Data name="TEL_RES">
            <value/>
          </Data>
          <Data name="CELLULAIRE">
            <value/>
          </Data>
          <Data name="TEL_BUR">
            <value>450 555-0139</value>
          </Data>
          <Data name="TELECOPIEUR">
            <value/>
          </Data>
          <Data name="COURRIEL">
            <value/>
          </Data>
          <Data name="Visit date">
            <value/>
          </Data>
          <Data name="Package status">
            <value/>
          </Data>
          <Data name="Call date">
            <value/>
          </Data>
          <Data name="call result">
            <value/>
          </Data>
          <Data name="Language">
            <value/>
          </Data>
          <Data name="Latitude">
            <value>46.3418504</value>
          </Data>
          <Data name="Longitude">
            <value>-72.5401213</value>
          </Data>
        </ExtendedData>
      </Placemark>
      <Placemark>
        <name>Patate de la 117</name>
        <address>905, Route 117 Val-David QC</address>
        <description><![CDATA[Contact person: <br>Contact number: <br>Notes: <br>NUM designation: P2-032<br>APPEL: <br>PRENOM: <br>NOM: Patate de la 117<br>ADRESSE: 905, Route 117<br>MUNICIPALITE: Val-David<br>PROVINCE: QC<br>CODE_POSTAL: <br>TEL_RES: <br>CELLULAIRE: <br>TEL_BUR: 450 555-0140<br>TELECOPIEUR: <br>COURRIEL: <br>Visit date: <br>Package status: <br>Call date: <br>call result: <br>Language: <br>Latitude: 46.011<br>Longitude: -74.212]]></description>
        <styleUrl>#icon-1899-0288D1</styleUrl>
        <ExtendedData>
          <Data name="Contact person">
            <value/>
          </Data>
          <Data name="Contact number">
            <value/>
          </Data>
          <Data name="Notes">
            <value/>
          </Data>
          <Data name="NUM designation">
            <value>P2-032</value>
          </Data>
          <Data name="APPEL">
            <value/>
          </Data>
          <Data name="PRENOM">
            <value/>
          </Data>
          <Data name="NOM">
            <value>Patate de la 117</value>
          </Data>
          <Data name="ADRESSE">
            <value>905, Route 117</value>
          </Data>
          <Data name="MUNICIPALITE">
            <value>Val-David</value>
          </Data>
          <Data name="PROVINCE">
            <value>QC</value>
          </Data>
          <Data name="CODE_POSTAL">
            <value/>
          </Data>
          <Data name="TEL_RES">
            <value/>
          </Data>
          <Data name="CELLULAIRE">
            <value/>
          </Data>
          <Data name="TEL_BUR">
            <value>450 555-0140</value>
          </Data>
          <Data name="TELECOPIEUR">
            <value/>
          </Data>
          <Data name="COURRIEL">
            <value/>
          </Data>
          <Data name="Visit date">
            <value/>
          </Data>
          <Data name="Package status">
            <value/>
          </Data>
          <Data name="Call date">
            <value/>
          </Data>
          <Data name="call result">
            <value/>
          </Data>
          <Data name="Language">
            <value/>
          </Data>
          <Data name="Latitude">
            <value>46.0106586</value>
          </Data>
          <Data name="Longitude">
            <value>-74.2122815</value>
          </Data>
        </ExtendedData>
      </Placemark>
      <Placemark>
        <name><![CDATA[Patate & Persil]]></name>
        <address>9, Avenue Saint-Charles Vaudreuil-Dorion QC J7V 2K3</address>
        <description><![CDATA[Contact person: <br>Contact number: <br>Notes: <br>NUM designation: P2-033<br>APPEL: <br>PRENOM: <br>NOM: Patate & Persil<br>ADRESSE: 9, Avenue Saint-Charles<br>MUNICIPALITE: Vaudreuil-Dorion<br>PROVINCE: QC<br>CODE_POSTAL: J7V 2K3<br>TEL_RES: <br>CELLULAIRE: <br>TEL_BUR: 450 555-0141<br>TELECOPIEUR: <br>COURRIEL: <br>Visit date: <br>Package status: <br>Call date: <br>call result: <br>Language: <br>Latitude: 45.384<br>Longitude: -74.009]]></description>
        <styleUrl>#icon-1899-0288D1</styleUrl>
        <ExtendedData>
          <Data name="Contact person">
            <value/>
          </Data>
          <Data name="Contact number">
            <value/>
          </Data>
          <Data name="Notes">
            <value/>
          </Data>
          <Data name="NUM designation">
            <value>P2-033</value>
          </Data>
          <Data name="APPEL">
            <value/>
          </Data>
          <Data name="PRENOM">
            <value/>
          </Data>
          <Data name="NOM">
            <value><![CDATA[Patate & Persil]]></value>
          </Data>
          <Data name="ADRESSE">
            <value>9, Avenue Saint-Charles</value>
          </Data>
          <Data name="MUNICIPALITE">
            <value>Vaudreuil-Dorion</value>
          </Data>
          <Data name="PROVINCE">
            <value>QC</value>
          </Data>
          <Data name="CODE_POSTAL">
            <value>J7V 2K3</value>
          </Data>
          <Data name="TEL_RES">
            <value/>
          </Data>
          <Data name="CELLULAIRE">
            <value/>
          </Data>
          <Data name="TEL_BUR">
            <value>450 555-0141</value>
          </Data>
          <Data name="TELECOPIEUR">
            <value/>
          </Data>
          <Data name="COURRIEL">
            <value/>
          </Data>
          <Data name="Visit date">
            <value/>
          </Data>
          <Data name="Package status">
            <value/>
          </Data>
          <Data name="Call date">
            <value/>
          </Data>
          <Data name="call result">
            <value/>
          </Data>
          <Data name="Language">
            <value/>
          </Data>
          <Data name="Latitude">
            <value>45.3835852</value>
          </Data>
          <Data name="Longitude">
            <value>-74.0089837</value>
          </Data>
        </ExtendedData>
      </Placemark>
      <Placemark>
        <name><![CDATA[Poutine & co]]></name>
        <address>2929, Boulevard de la Gare Vaudreuil-Dorion QC</address>
        <description><![CDATA[Contact person: <br>Contact number: <br>Notes: <br>NUM designation: P2-034<br>APPEL: <br>PRENOM: <br>NOM: Poutine & co<br>ADRESSE: 2929, Boulevard de la Gare<br>MUNICIPALITE: Vaudreuil-Dorion<br>PROVINCE: QC<br>CODE_POSTAL: <br>TEL_RES: <br>CELLULAIRE: <br>TEL_BUR: 450 555-0142<br>TELECOPIEUR: <br>COURRIEL: <br>Visit date: <br>Package status: <br>Call date: <br>call result: <br>Language: <br>Latitude: 45.392<br>Longitude: -74.054]]></description>
        <styleUrl>#icon-1899-0288D1</styleUrl>
        <ExtendedData>
          <Data name="Contact person">
            <value/>
          </Data>
          <Data name="Contact number">
            <value/>
          </Data>
          <Data name="Notes">
            <value/>
          </Data>
          <Data name="NUM designation">
            <value>P2-034</value>
          </Data>
          <Data name="APPEL">
            <value/>
          </Data>
          <Data name="PRENOM">
            <value/>
          </Data>
          <Data name="NOM">
            <value><![CDATA[Poutine & co]]></value>
          </Data>
          <Data name="ADRESSE">
            <value>2929, Boulevard de la Gare</value>
          </Data>
          <Data name="MUNICIPALITE">
            <value>Vaudreuil-Dorion</value>
          </Data>
          <Data name="PROVINCE">
            <value>QC</value>
          </Data>
          <Data name="CODE_POSTAL">
            <value/>
          </Data>
          <Data name="TEL_RES">
            <value/>
          </Data>
          <Data name="CELLULAIRE">
            <value/>
          </Data>
          <Data name="TEL_BUR">
            <value>450 555-0142</value>
          </Data>
          <Data name="TELECOPIEUR">
            <value/>
          </Data>
          <Data name="COURRIEL">
            <value/>
          </Data>
          <Data name="Visit date">
            <value/>
          </Data>
          <Data name="Package status">
            <value/>
          </Data>
          <Data name="Call date">
            <value/>
          </Data>
          <Data name="call result">
            <value/>
          </Data>
          <Data name="Language">
            <value/>
          </Data>
          <Data name="Latitude">
            <value>45.3918168</value>
          </Data>
          <Data name="Longitude">
            <value>-74.05385</value>
          </Data>
        </ExtendedData>
      </Placemark>
      <Placemark>
        <name>La Frite à Brigitte</name>
        <address>347, Boulevard Harwood Vaudreuil-Dorion QC J7V 7W1</address>
        <description><![CDATA[Contact person: <br>Contact number: <br>Notes: <br>NUM designation: P2-034<br>APPEL: <br>PRENOM: <br>NOM: La Frite à Brigitte<br>ADRESSE: 347, Boulevard Harwood<br>MUNICIPALITE: Vaudreuil-Dorion<br>PROVINCE: QC<br>CODE_POSTAL: J7V 7W1<br>TEL_RES: <br>CELLULAIRE: <br>TEL_BUR: 450 555-0143<br>TELECOPIEUR: <br>COURRIEL: <br>Visit date: <br>Package status: <br>Call date: <br>call result: <br>Language: <br>Latitude: 45.381<br>Longitude: -74.017]]></description>
        <styleUrl>#icon-1899-0288D1</styleUrl>
        <ExtendedData>
          <Data name="Contact person">
            <value/>
          </Data>
          <Data name="Contact number">
            <value/>
          </Data>
          <Data name="Notes">
            <value/>
          </Data>
          <Data name="NUM designation">
            <value>P2-034</value>
          </Data>
          <Data name="APPEL">
            <value/>
          </Data>
          <Data name="PRENOM">
            <value/>
          </Data>
          <Data name="NOM">
            <value>La Frite à Brigitte</value>
          </Data>
          <Data name="ADRESSE">
            <value>347, Boulevard Harwood</value>
          </Data>
          <Data name="MUNICIPALITE">
            <value>Vaudreuil-Dorion</value>
          </Data>
          <Data name="PROVINCE">
            <value>QC</value>
          </Data>
          <Data name="CODE_POSTAL">
            <value>J7V 7W1</value>
          </Data>
          <Data name="TEL_RES">
            <value/>
          </Data>
          <Data name="CELLULAIRE">
            <value/>
          </Data>
          <Data name="TEL_BUR">
            <value>450 555-0143</value>
          </Data>
          <Data name="TELECOPIEUR">
            <value/>
          </Data>
          <Data name="COURRIEL">
            <value/>
          </Data>
          <Data name="Visit date">
            <value/>
          </Data>
          <Data name="Package status">
            <value/>
          </Data>
          <Data name="Call date">
            <value/>
          </Data>
          <Data name="call result">
            <value/>
          </Data>
          <Data name="Language">
            <value/>
          </Data>
          <Data name="Latitude">
            <value>45.3807506</value>
          </Data>
          <Data name="Longitude">
            <value>-74.0174885</value>
          </Data>
        </ExtendedData>
      </Placemark>
      <Placemark>
        <name>La Belle Patate Dorion</name>
        <address>401, Boulevard Harwood Vaudreuil-Dorion QC</address>
        <description><![CDATA[Contact person: <br>Contact number: <br>Notes: Terrasse l’été<br>NUM designation: P2-035<br>APPEL: <br>PRENOM: <br>NOM: La Belle Patate Dorion<br>ADRESSE: 401, Boulevard Harwood<br>MUNICIPALITE: Vaudreuil-Dorion<br>PROVINCE: QC<br>CODE_POSTAL: <br>TEL_RES: <br>CELLULAIRE: <br>TEL_BUR: 450 555-0144<br>TELECOPIEUR: <br>COURRIEL: <br>Visit date: <br>Package status: <br>Call date: <br>call result: <br>Language: <br>Latitude: 45.38<br>Longitude: -74.019]]></description>
        <styleUrl>#icon-1899-0288D1</styleUrl>
        <ExtendedData>
          <Data name="Contact person">
            <value/>
          </Data>
          <Data name="Contact number">
            <value/>
          </Data>
          <Data name="Notes">
            <value>Terrasse l’été</value>
          </Data>
          <Data name="NUM designation">
            <value>P2-035</value>
          </Data>
          <Data name="APPEL">
            <value/>
          </Data>
          <Data name="PRENOM">
            <value/>
          </Data>
          <Data name="NOM">
            <value>La Belle Patate Dorion</value>
          </Data>
          <Data name="ADRESSE">
            <value>401, Boulevard Harwood</value>
          </Data>
          <Data name="MUNICIPALITE">
            <value>Vaudreuil-Dorion</value>
          </Data>
          <Data name="PROVINCE">
            <value>QC</value>
          </Data>
          <Data name="CODE_POSTAL">
            <value/>
          </Data>
          <Data name="TEL_RES">
            <value/>
          </Data>
          <Data name="CELLULAIRE">
            <value/>
          </Data>
          <Data name="TEL_BUR">
            <value>450 555-0144</value>
          </Data>
          <Data name="TELECOPIEUR">
            <value/>
          </Data>
          <Data name="COURRIEL">
            <value/>
          </Data>
          <Data name="Visit date">
            <value/>
          </Data>
          <Data name="Package status">
            <value/>
          </Data>
          <Data name="Call date">
            <value/>
          </Data>
          <Data name="call result">
            <value/>
          </Data>
          <Data name="Language">
            <value/>
          </Data>
          <Data name="Latitude">
            <value>45.3798467</value>
          </Data>
          <Data name="Longitude">
            <value>-74.019474</value>
          </Data>
        </ExtendedData>
      </Placemark>
      <Placemark>
        <name>À la Patate Dorée</name>
        <address>1021, Route de Lotbinière Vaudreuil-Dorion QC</address>
        <description><![CDATA[Contact person: <br>Contact number: <br>Notes: <br>NUM designation: P2-035<br>APPEL: <br>PRENOM: <br>NOM: À la Patate Dorée<br>ADRESSE: 1021, Route de Lotbinière<br>MUNICIPALITE: Vaudreuil-Dorion<br>PROVINCE: QC<br>CODE_POSTAL: <br>TEL_RES: <br>CELLULAIRE: <br>TEL_BUR: 450 555-0145<br>TELECOPIEUR: <br>COURRIEL: <br>Visit date: <br>Package status: <br>Call date: <br>call result: <br>Language: <br>Latitude: 45.34<br>Longitude: -73.978]]></description>
        <styleUrl>#icon-1899-0288D1</styleUrl>
        <ExtendedData>
          <Data name="Contact person">
            <value/>
          </Data>
          <Data name="Contact number">
            <value/>
          </Data>
          <Data name="Notes">
            <value/>
          </Data>
          <Data name="NUM designation">
            <value>P2-035</value>
          </Data>
          <Data name="APPEL">
            <value/>
          </Data>
          <Data name="PRENOM">
            <value/>
          </Data>
          <Data name="NOM">
            <value>À la Patate Dorée</value>
          </Data>
          <Data name="ADRESSE">
            <value>1021, Route de Lotbinière</value>
          </Data>
          <Data name="MUNICIPALITE">
            <value>Vaudreuil-Dorion</value>
          </Data>
          <Data name="PROVINCE">
            <value>QC</value>
          </Data>
          <Data name="CODE_POSTAL">
            <value/>
          </Data>
          <Data name="TEL_RES">
            <value/>
          </Data>
          <Data name="CELLULAIRE">
            <value/>
          </Data>
          <Data name="TEL_BUR">
            <value>450 555-0145</value>
          </Data>
          <Data name="TELECOPIEUR">
            <value/>
          </Data>
          <Data name="COURRIEL">
            <value/>
          </Data>
          <Data name="Visit date">
            <value/>
          </Data>
          <Data name="Package status">
            <value/>
          </Data>
          <Data name="Call date">
            <value/>
          </Data>
          <Data name="call result">
            <value/>
          </Data>
          <Data name="Language">
            <value/>
          </Data>
          <Data name="Latitude">
            <value>45.3403338</value>
          </Data>
          <Data name="Longitude">
            <value>-73.9776702</value>
          </Data>
        </ExtendedData>
      </Placemark>
      <Placemark>
        <name>À la Patate Dorée</name>
        <address>1021, Route de Lotbinière Vaudreuil-Dorion QC</address>
        <description><![CDATA[Contact person: <br>Contact number: <br>Notes: <br>NUM designation: P2-036<br>APPEL: <br>PRENOM: <br>NOM: À la Patate Dorée<br>ADRESSE: 1021, Route de Lotbinière<br>MUNICIPALITE: Vaudreuil-Dorion<br>PROVINCE: QC<br>CODE_POSTAL: <br>TEL_RES: <br>CELLULAIRE: <br>TEL_BUR: 450 555-0146<br>TELECOPIEUR: <br>COURRIEL: <br>Visit date: <br>Package status: <br>Call date: <br>call result: <br>Language: <br>Latitude: 45.34<br>Longitude: -73.978]]></description>
        <styleUrl>#icon-1899-0288D1</styleUrl>
        <ExtendedData>
          <Data name="Contact person">
            <value/>
          </Data>
          <Data name="Contact number">
            <value/>
          </Data>
          <Data name="Notes">
            <value/>
          </Data>
          <Data name="NUM designation">
            <value>P2-036</value>
          </Data>
          <Data name="APPEL">
            <value/>
          </Data>
          <Data name="PRENOM">
            <value/>
          </Data>
          <Data name="NOM">
            <value>À la Patate Dorée</value>
          </Data>
          <Data name="ADRESSE">
            <value>1021, Route de Lotbinière</value>
          </Data>
          <Data name="MUNICIPALITE">
            <value>Vaudreuil-Dorion</value>
          </Data>
          <Data name="PROVINCE">
            <value>QC</value>
          </Data>
          <Data name="CODE_POSTAL">
            <value/>
          </Data>
          <Data name="TEL_RES">
            <value/>
          </Data>
          <Data name="CELLULAIRE">
            <value/>
          </Data>
          <Data name="TEL_BUR">
            <value>450 555-0146</value>
          </Data>
          <Data name="TELECOPIEUR">
            <value/>
          </Data>
          <Data name="COURRIEL">
            <value/>
          </Data>
          <Data name="Visit date">
            <value/>
          </Data>
          <Data name="Package status">
            <value/>
          </Data>
          <Data name="Call date">
            <value/>
          </Data>
          <Data name="call result">
            <value/>
          </Data>
          <Data name="Language">
            <value/>
          </Data>
          <Data name="Latitude">
            <value>45.3403338</value>
          </Data>
          <Data name="Longitude">
            <value>-73.9776702</value>
          </Data>
        </ExtendedData>
      </Placemark>
      <Placemark>
        <name>Restaurant Max Poutine</name>
        <address>674, Rue Notre-Dame Est Victoriaville QC G6P 4B6</address>
        <description><![CDATA[Contact person: <br>Contact number: <br>Notes: <br>NUM designation: P2-037<br>APPEL: <br>PRENOM: <br>NOM: Restaurant Max Poutine<br>ADRESSE: 674, Rue Notre-Dame Est<br>MUNICIPALITE: Victoriaville<br>PROVINCE: QC<br>CODE_POSTAL: G6P 4B6<br>TEL_RES: <br>CELLULAIRE: <br>TEL_BUR: 450 555-0147<br>TELECOPIEUR: <br>COURRIEL: <br>Visit date: <br>Package status: <br>Call date: <br>call result: <br>Language: <br>Latitude: 46.063<br>Longitude: -71.943]]></description>
        <styleUrl>#icon-1899-0288D1</styleUrl>
        <ExtendedData>
          <Data name="Contact person">
            <value/>
          </Data>
          <Data name="Contact number">
            <value/>
          </Data>
          <Data name="Notes">
            <value/>
          </Data>
          <Data name="NUM designation">
            <value>P2-037</value>
          </Data>
          <Data name="APPEL">
            <value/>
          </Data>
          <Data name="PRENOM">
            <value/>
          </Data>
          <Data name="NOM">
            <value>Restaurant Max Poutine</value>
          </Data>
          <Data name="ADRESSE">
            <value>674, Rue Notre-Dame Est</value>
          </Data>
          <Data name="MUNICIPALITE">
            <value>Victoriaville</value>
          </Data>
          <Data name="PROVINCE">
            <value>QC</value>
          </Data>
          <Data name="CODE_POSTAL">
            <value>G6P 4B6</value>
          </Data>
          <Data name="TEL_RES">
            <value/>
          </Data>
          <Data name="CELLULAIRE">
            <value/>
          </Data>
          <Data name="TEL_BUR">
            <value>450 555-0147</value>
          </Data>
          <Data name="TELECOPIEUR">
            <value/>
          </Data>
          <Data name="COURRIEL">
            <value/>
          </Data>
          <Data name="Visit date">
            <value/>
          </Data>
          <Data name="Package status">
            <value/>
          </Data>
          <Data name="Call date">
            <value/>
          </Data>
          <Data name="call result">
            <value/>
          </Data>
          <Data name="Language">
            <value/>
          </Data>
          <Data name="Latitude">
            <value>46.0634721</value>
          </Data>
          <Data name="Longitude">
            <value>-71.942725</value>
          </Data>
        </ExtendedData>
      </Placemark>
    </Folder>
  </Document>
</kml>
